Product Group,Category,Product Name,Brand,Manufacturer,Option Type 1,Option Value 1,Sale Price,Discount Base Price,Stock,Lead Time,Detailed Description,Main Image,Search Keywords,Quantity,Volume,Weight,Adult Only,Taxable,Parallel Import,Overseas Purchase,SKU,Model Number,Barcode,Additional Image 1,Additional Image 2,
Fresh Gel Toothpaste,,Colgate MaxFresh Watermelon Blast Gel Toothpaste – 100 g,Colgate,Colgate-Palmolive (India) Ltd.,,1 pieces,13890,15990,10,12,"Colgate MaxFresh Watermelon Blast Gel Toothpaste – 100 g

Gel Toothpaste | Watermelon Flavor | Colorful Gel Formula | Daily Oral Care

Colgate MaxFresh Watermelon Blast Gel Toothpaste is designed for everyday oral care routines. The smooth gel formula spreads easily on a toothbrush and provides a refreshing watermelon flavor during brushing.

The gel texture offers a comfortable brushing experience and helps leave the mouth feeling clean and fresh after use. The convenient 100 g tube is suitable for home use or travel and fits easily into daily oral hygiene routines.

? Key Features

Gel toothpaste for daily oral care

Refreshing watermelon flavor

Smooth gel texture for easy brushing

Convenient 100 g tube packaging

Suitable for regular oral care routines

?? Texture & Experience

Smooth gel toothpaste consistency

Watermelon flavor while brushing

Clean and refreshed mouth feel after use

?? How to Use

Apply a small amount of toothpaste to a toothbrush

Brush teeth gently for about 2 minutes

Rinse thoroughly with water

Use regularly as part of your daily oral care routine

?? Precautions

Do not swallow

Keep out of reach of children

Store in a cool and dry place

?? Product Details

Brand: Colgate

Product Name: Colgate MaxFresh Watermelon Blast Gel Toothpaste

Net Quantity: 100 g

Form: Gel Toothpaste

Category: Oral Care / Toothpaste",https://m.media-amazon.com/images/I/71uXjnp4ehL._SL1500_.jpg,"colgate maxfresh toothpaste, colgate watermelon toothpaste, watermelon gel toothpaste, toothpaste 100g, gel toothpaste watermelon, oral care toothpaste, daily toothpaste, mint gel toothpaste, dental care toothpaste, toothpaste tube 100g, oral hygiene toothpaste, brushing toothpaste, colgate oral care, gel toothpaste flavor, household toothpaste, fruit flavor toothpaste, dental hygiene toothpaste, toothpaste pack, colgate dental care, everyday toothpaste",1ea,,100g,N,Y,N,N,B0DMWHBVGT-1,B0DMWHBVGT-1,,https://m.media-amazon.com/images/I/71c1QkFkiDL._SL1500_.jpg,https://m.media-amazon.com/images/I/71zET612ZqL._SL1500_.jpg,
Fresh Gel Toothpaste,,Colgate MaxFresh Watermelon Blast Gel Toothpaste – 100 g,Colgate,Colgate-Palmolive (India) Ltd.,,2 pieces,17990,19950,10,12,"Colgate MaxFresh Watermelon Blast Gel Toothpaste – 100 g

Gel Toothpaste | Watermelon Flavor | Colorful Gel Formula | Daily Oral Care

Colgate MaxFresh Watermelon Blast Gel Toothpaste is designed for everyday oral care routines. The smooth gel formula spreads easily on a toothbrush and provides a refreshing watermelon flavor during brushing.

The gel texture offers a comfortable brushing experience and helps leave the mouth feeling clean and fresh after use. The convenient 100 g tube is suitable for home use or travel and fits easily into daily oral hygiene routines.

? Key Features

Gel toothpaste for daily oral care

Refreshing watermelon flavor

Smooth gel texture for easy brushing

Convenient 100 g tube packaging

Suitable for regular oral care routines

?? Texture & Experience

Smooth gel toothpaste consistency

Watermelon flavor while brushing

Clean and refreshed mouth feel after use

?? How to Use

Apply a small amount of toothpaste to a toothbrush

Brush teeth gently for about 2 minutes

Rinse thoroughly with water

Use regularly as part of your daily oral care routine

?? Precautions

Do not swallow

Keep out of reach of children

Store in a cool and dry place

?? Product Details

Brand: Colgate

Product Name: Colgate MaxFresh Watermelon Blast Gel Toothpaste

Net Quantity: 100 g

Form: Gel Toothpaste

Category: Oral Care / Toothpaste",https://m.media-amazon.com/images/I/71uXjnp4ehL._SL1500_.jpg,"colgate maxfresh toothpaste, colgate watermelon toothpaste, watermelon gel toothpaste, toothpaste 100g, gel toothpaste watermelon, oral care toothpaste, daily toothpaste, mint gel toothpaste, dental care toothpaste, toothpaste tube 100g, oral hygiene toothpaste, brushing toothpaste, colgate oral care, gel toothpaste flavor, household toothpaste, fruit flavor toothpaste, dental hygiene toothpaste, toothpaste pack, colgate dental care, everyday toothpaste",2ea,,100g,N,Y,N,N,B0DMWHBVGT-2,B0DMWHBVGT-2,,https://m.media-amazon.com/images/I/71c1QkFkiDL._SL1500_.jpg,https://m.media-amazon.com/images/I/71zET612ZqL._SL1500_.jpg,
Fresh Gel Toothpaste,,Colgate MaxFresh Watermelon Blast Gel Toothpaste – 100 g,Colgate,Colgate-Palmolive (India) Ltd.,,3 pieces,21690,25990,10,12,"Colgate MaxFresh Watermelon Blast Gel Toothpaste – 100 g

Gel Toothpaste | Watermelon Flavor | Colorful Gel Formula | Daily Oral Care

Colgate MaxFresh Watermelon Blast Gel Toothpaste is designed for everyday oral care routines. The smooth gel formula spreads easily on a toothbrush and provides a refreshing watermelon flavor during brushing.

The gel texture offers a comfortable brushing experience and helps leave the mouth feeling clean and fresh after use. The convenient 100 g tube is suitable for home use or travel and fits easily into daily oral hygiene routines.

? Key Features

Gel toothpaste for daily oral care

Refreshing watermelon flavor

Smooth gel texture for easy brushing

Convenient 100 g tube packaging

Suitable for regular oral care routines

?? Texture & Experience

Smooth gel toothpaste consistency

Watermelon flavor while brushing

Clean and refreshed mouth feel after use

?? How to Use

Apply a small amount of toothpaste to a toothbrush

Brush teeth gently for about 2 minutes

Rinse thoroughly with water

Use regularly as part of your daily oral care routine

?? Precautions

Do not swallow

Keep out of reach of children

Store in a cool and dry place

?? Product Details

Brand: Colgate

Product Name: Colgate MaxFresh Watermelon Blast Gel Toothpaste

Net Quantity: 100 g

Form: Gel Toothpaste

Category: Oral Care / Toothpaste",https://m.media-amazon.com/images/I/71uXjnp4ehL._SL1500_.jpg,"colgate maxfresh toothpaste, colgate watermelon toothpaste, watermelon gel toothpaste, toothpaste 100g, gel toothpaste watermelon, oral care toothpaste, daily toothpaste, mint gel toothpaste, dental care toothpaste, toothpaste tube 100g, oral hygiene toothpaste, brushing toothpaste, colgate oral care, gel toothpaste flavor, household toothpaste, fruit flavor toothpaste, dental hygiene toothpaste, toothpaste pack, colgate dental care, everyday toothpaste",3ea,,100g,N,Y,N,N,B0DMWHBVGT-3,B0DMWHBVGT-3,,https://m.media-amazon.com/images/I/71c1QkFkiDL._SL1500_.jpg,https://m.media-amazon.com/images/I/71zET612ZqL._SL1500_.jpg,
Fresh Gel Toothpaste,,Colgate MaxFresh Watermelon Blast Gel Toothpaste – 100 g,Colgate,Colgate-Palmolive (India) Ltd.,,4 pieces,24990,29990,10,12,"Colgate MaxFresh Watermelon Blast Gel Toothpaste – 100 g

Gel Toothpaste | Watermelon Flavor | Colorful Gel Formula | Daily Oral Care

Colgate MaxFresh Watermelon Blast Gel Toothpaste is designed for everyday oral care routines. The smooth gel formula spreads easily on a toothbrush and provides a refreshing watermelon flavor during brushing.

The gel texture offers a comfortable brushing experience and helps leave the mouth feeling clean and fresh after use. The convenient 100 g tube is suitable for home use or travel and fits easily into daily oral hygiene routines.

? Key Features

Gel toothpaste for daily oral care

Refreshing watermelon flavor

Smooth gel texture for easy brushing

Convenient 100 g tube packaging

Suitable for regular oral care routines

?? Texture & Experience

Smooth gel toothpaste consistency

Watermelon flavor while brushing

Clean and refreshed mouth feel after use

?? How to Use

Apply a small amount of toothpaste to a toothbrush

Brush teeth gently for about 2 minutes

Rinse thoroughly with water

Use regularly as part of your daily oral care routine

?? Precautions

Do not swallow

Keep out of reach of children

Store in a cool and dry place

?? Product Details

Brand: Colgate

Product Name: Colgate MaxFresh Watermelon Blast Gel Toothpaste

Net Quantity: 100 g

Form: Gel Toothpaste

Category: Oral Care / Toothpaste",https://m.media-amazon.com/images/I/71uXjnp4ehL._SL1500_.jpg,"colgate maxfresh toothpaste, colgate watermelon toothpaste, watermelon gel toothpaste, toothpaste 100g, gel toothpaste watermelon, oral care toothpaste, daily toothpaste, mint gel toothpaste, dental care toothpaste, toothpaste tube 100g, oral hygiene toothpaste, brushing toothpaste, colgate oral care, gel toothpaste flavor, household toothpaste, fruit flavor toothpaste, dental hygiene toothpaste, toothpaste pack, colgate dental care, everyday toothpaste",4ea,,100g,N,Y,N,N,B0DMWHBVGT-4,B0DMWHBVGT-4,,https://m.media-amazon.com/images/I/71c1QkFkiDL._SL1500_.jpg,https://m.media-amazon.com/images/I/71zET612ZqL._SL1500_.jpg,
Sweet Almond Oil,,"Dabur Badam Tail Sweet Almond Oil – 50 ml
",Dabur,Dabur India Ltd,,50ml,14590,18990,10,12,"Dabur Badam Tail Sweet Almond Oil – 50 ml

Almond Oil | Lightweight Oil Texture | Daily Hair & Skin Care | Multipurpose Beauty Oil

Dabur Badam Tail Sweet Almond Oil is a multipurpose beauty oil designed for everyday hair and skin care routines. The lightweight oil texture spreads easily and can be used as part of regular beauty care practices.

The oil can be applied during hair care or skin care routines and offers a smooth application experience. The compact 50 ml bottle makes it convenient for home use or travel.

? Key Features

Sweet almond oil for hair and skin care routines

Lightweight oil texture for easy application

Multipurpose beauty oil

Suitable for daily care routines

Convenient 50 ml bottle packaging

?? Texture & Feel

Smooth and lightweight oil consistency

Easy to apply on hair and skin

Leaves a soft and comfortable feel after use

?? How to Use

Take a small amount of oil in your palm

Gently massage onto hair or skin

Use regularly as part of your daily care routine

?? Precautions

For external use only

Avoid contact with eyes

Store in a cool, dry place

Keep out of reach of children

?? Product Details

Brand: Dabur

Product Name: Dabur Badam Tail Sweet Almond Oil

Net Quantity: 50 ml

Form: Oil

Category: Hair Care / Skin Care Oil",https://m.media-amazon.com/images/I/71XZDzrHjeL._SL1500_.jpg,"dabur badam tail oil, dabur almond oil, sweet almond oil, almond oil 50ml, hair care almond oil, skin care almond oil, multipurpose beauty oil, dabur hair oil, almond oil for hair, almond oil for skin, natural almond oil, beauty care oil, daily care almond oil, hair massage oil, skincare oil, dabur beauty oil, almond oil bottle 50ml, natural hair oil, herbal hair oil, almond beauty oil",1ea,50ml,,N,Y,N,N,B00LEKJGZU-1,B00LEKJGZU-1,,https://m.media-amazon.com/images/I/51xh5E6nEZL.jpg,https://m.media-amazon.com/images/I/51JVoWthHZL.jpg,
Sweet Almond Oil,,"Dabur Badam Tail Sweet Almond Oil – 50 ml
",Dabur,Dabur India Ltd,,50ml,26990,32990,10,12,"Dabur Badam Tail Sweet Almond Oil – 50 ml

Almond Oil | Lightweight Oil Texture | Daily Hair & Skin Care | Multipurpose Beauty Oil

Dabur Badam Tail Sweet Almond Oil is a multipurpose beauty oil designed for everyday hair and skin care routines. The lightweight oil texture spreads easily and can be used as part of regular beauty care practices.

The oil can be applied during hair care or skin care routines and offers a smooth application experience. The compact 50 ml bottle makes it convenient for home use or travel.

? Key Features

Sweet almond oil for hair and skin care routines

Lightweight oil texture for easy application

Multipurpose beauty oil

Suitable for daily care routines

Convenient 50 ml bottle packaging

?? Texture & Feel

Smooth and lightweight oil consistency

Easy to apply on hair and skin

Leaves a soft and comfortable feel after use

?? How to Use

Take a small amount of oil in your palm

Gently massage onto hair or skin

Use regularly as part of your daily care routine

?? Precautions

For external use only

Avoid contact with eyes

Store in a cool, dry place

Keep out of reach of children

?? Product Details

Brand: Dabur

Product Name: Dabur Badam Tail Sweet Almond Oil

Net Quantity: 50 ml

Form: Oil

Category: Hair Care / Skin Care Oil",https://m.media-amazon.com/images/I/71XZDzrHjeL._SL1500_.jpg,"dabur badam tail oil, dabur almond oil, sweet almond oil, almond oil 50ml, hair care almond oil, skin care almond oil, multipurpose beauty oil, dabur hair oil, almond oil for hair, almond oil for skin, natural almond oil, beauty care oil, daily care almond oil, hair massage oil, skincare oil, dabur beauty oil, almond oil bottle 50ml, natural hair oil, herbal hair oil, almond beauty oil",2ea,50ml,,N,Y,N,N,B00LEKJGZU-2,B00LEKJGZU-2,,https://m.media-amazon.com/images/I/51xh5E6nEZL.jpg,https://m.media-amazon.com/images/I/51JVoWthHZL.jpg,
Sweet Almond Oil,,"Dabur Badam Tail Sweet Almond Oil – 100 ml
",Dabur,Dabur India Ltd,,100ml,21490,26990,10,12,"Dabur Badam Tail Sweet Almond Oil – 100 ml

Almond Oil | Lightweight Oil Texture | Daily Hair & Skin Care | Multipurpose Beauty Oil

Dabur Badam Tail Sweet Almond Oil is a multipurpose beauty oil designed for everyday hair and skin care routines. The lightweight oil texture spreads easily and can be used as part of regular beauty care practices.

The oil can be applied during hair care or skin care routines and offers a smooth application experience. The compact 50 ml bottle makes it convenient for home use or travel.

? Key Features

Sweet almond oil for hair and skin care routines

Lightweight oil texture for easy application

Multipurpose beauty oil

Suitable for daily care routines

Convenient 50 ml bottle packaging

?? Texture & Feel

Smooth and lightweight oil consistency

Easy to apply on hair and skin

Leaves a soft and comfortable feel after use

?? How to Use

Take a small amount of oil in your palm

Gently massage onto hair or skin

Use regularly as part of your daily care routine

?? Precautions

For external use only

Avoid contact with eyes

Store in a cool, dry place

Keep out of reach of children

?? Product Details

Brand: Dabur

Product Name: Dabur Badam Tail Sweet Almond Oil

Net Quantity: 50 ml

Form: Oil

Category: Hair Care / Skin Care Oil",https://m.media-amazon.com/images/I/711R+Q-zLmS._SL1500_.jpg,"dabur badam tail oil, dabur almond oil, sweet almond oil, almond oil 50ml, hair care almond oil, skin care almond oil, multipurpose beauty oil, dabur hair oil, almond oil for hair, almond oil for skin, natural almond oil, beauty care oil, daily care almond oil, hair massage oil, skincare oil, dabur beauty oil, almond oil bottle 50ml, natural hair oil, herbal hair oil, almond beauty oil",1ea,100ml,,N,Y,N,N,B009SOS7ZE-1,B009SOS7ZE-1,,https://m.media-amazon.com/images/I/81gfGzuYEES._SL1500_.jpg,https://m.media-amazon.com/images/I/81bNEbD69IS._SL1500_.jpg,
Sweet Almond Oil,,"Dabur Badam Tail Sweet Almond Oil – 100 ml
",Dabur,Dabur India Ltd,,100ml,31990,35990,10,12,"Dabur Badam Tail Sweet Almond Oil – 100 ml

Almond Oil | Lightweight Oil Texture | Daily Hair & Skin Care | Multipurpose Beauty Oil

Dabur Badam Tail Sweet Almond Oil is a multipurpose beauty oil designed for everyday hair and skin care routines. The lightweight oil texture spreads easily and can be used as part of regular beauty care practices.

The oil can be applied during hair care or skin care routines and offers a smooth application experience. The compact 50 ml bottle makes it convenient for home use or travel.

? Key Features

Sweet almond oil for hair and skin care routines

Lightweight oil texture for easy application

Multipurpose beauty oil

Suitable for daily care routines

Convenient 50 ml bottle packaging

?? Texture & Feel

Smooth and lightweight oil consistency

Easy to apply on hair and skin

Leaves a soft and comfortable feel after use

?? How to Use

Take a small amount of oil in your palm

Gently massage onto hair or skin

Use regularly as part of your daily care routine

?? Precautions

For external use only

Avoid contact with eyes

Store in a cool, dry place

Keep out of reach of children

?? Product Details

Brand: Dabur

Product Name: Dabur Badam Tail Sweet Almond Oil

Net Quantity: 50 ml

Form: Oil

Category: Hair Care / Skin Care Oil",https://m.media-amazon.com/images/I/711R+Q-zLmS._SL1500_.jpg,"dabur badam tail oil, dabur almond oil, sweet almond oil, almond oil 50ml, hair care almond oil, skin care almond oil, multipurpose beauty oil, dabur hair oil, almond oil for hair, almond oil for skin, natural almond oil, beauty care oil, daily care almond oil, hair massage oil, skincare oil, dabur beauty oil, almond oil bottle 50ml, natural hair oil, herbal hair oil, almond beauty oil",2ea,100ml,,N,Y,N,N,B009SOS7ZE-2,B009SOS7ZE-2,,https://m.media-amazon.com/images/I/81gfGzuYEES._SL1500_.jpg,https://m.media-amazon.com/images/I/81bNEbD69IS._SL1500_.jpg,
Black Gel Toothpaste,,Dabur Herbl Activated Charcoal Toothpaste 120 g,Dabur,Dabur India Ltd,,1 pieces,12800,15990,10,12,"Dabur Herb’l Activated Charcoal Toothpaste – 120 g

Black Gel Toothpaste | Charcoal & Mint Inspired Formula | Daily Oral Care

Dabur Herb’l Activated Charcoal Toothpaste features a black gel formula inspired by charcoal and mint ingredients. The smooth gel spreads easily on a toothbrush and provides a refreshing flavor during brushing.

The gel texture offers a comfortable brushing experience and helps leave the mouth feeling clean and fresh after use. The convenient 120 g tube is suitable for regular home use and daily oral care routines.

? Key Features

Charcoal-inspired black gel toothpaste

Refreshing mint flavor experience

Smooth gel texture for easy brushing

Convenient 120 g tube packaging

Suitable for daily oral care routines

?? Texture & Experience

Smooth black gel toothpaste consistency

Mint flavor while brushing

Clean and refreshed mouth feel after use

?? How to Use

Apply a small amount of toothpaste to a toothbrush

Brush teeth gently for about 2 minutes

Rinse thoroughly with water

Use regularly as part of your daily oral care routine

?? Precautions

Do not swallow

Keep out of reach of children

Store in a cool and dry place

?? Product Details

Brand: Dabur

Product Name: Dabur Herb’l Activated Charcoal Toothpaste

Net Quantity: 120 g

Form: Gel Toothpaste

Category: Oral Care / Toothpaste
",https://m.media-amazon.com/images/I/71UbxXzGgGL._SL1500_.jpg,"dabur charcoal toothpaste, dabur herbal toothpaste, activated charcoal toothpaste, black gel toothpaste, charcoal mint toothpaste, toothpaste 120g, herbal gel toothpaste, oral care toothpaste, daily toothpaste, mint gel toothpaste, dental care toothpaste, toothpaste tube 120g, oral hygiene toothpaste, brushing toothpaste, dabur oral care, charcoal flavor toothpaste, household toothpaste, herbal dental care toothpaste, toothpaste pack, dabur dental care",1ea,,120g,N,Y,N,N,B09J7Y4P7M-1,B09J7Y4P7M-1,,https://m.media-amazon.com/images/I/81g3cRKDAcL._SL1500_.jpg,https://m.media-amazon.com/images/I/812VEbX-NAL._SL1500_.jpg,
Black Gel Toothpaste,,Dabur Herbl Activated Charcoal Toothpaste 120 g,Dabur,Dabur India Ltd,,2 pieces,16990,19990,10,12,"Dabur Herb’l Activated Charcoal Toothpaste – 120 g

Black Gel Toothpaste | Charcoal & Mint Inspired Formula | Daily Oral Care

Dabur Herb’l Activated Charcoal Toothpaste features a black gel formula inspired by charcoal and mint ingredients. The smooth gel spreads easily on a toothbrush and provides a refreshing flavor during brushing.

The gel texture offers a comfortable brushing experience and helps leave the mouth feeling clean and fresh after use. The convenient 120 g tube is suitable for regular home use and daily oral care routines.

? Key Features

Charcoal-inspired black gel toothpaste

Refreshing mint flavor experience

Smooth gel texture for easy brushing

Convenient 120 g tube packaging

Suitable for daily oral care routines

?? Texture & Experience

Smooth black gel toothpaste consistency

Mint flavor while brushing

Clean and refreshed mouth feel after use

?? How to Use

Apply a small amount of toothpaste to a toothbrush

Brush teeth gently for about 2 minutes

Rinse thoroughly with water

Use regularly as part of your daily oral care routine

?? Precautions

Do not swallow

Keep out of reach of children

Store in a cool and dry place

?? Product Details

Brand: Dabur

Product Name: Dabur Herb’l Activated Charcoal Toothpaste

Net Quantity: 120 g

Form: Gel Toothpaste

Category: Oral Care / Toothpaste
",https://m.media-amazon.com/images/I/713DgnhJC1L._SL1500_.jpg,"dabur charcoal toothpaste, dabur herbal toothpaste, activated charcoal toothpaste, black gel toothpaste, charcoal mint toothpaste, toothpaste 120g, herbal gel toothpaste, oral care toothpaste, daily toothpaste, mint gel toothpaste, dental care toothpaste, toothpaste tube 120g, oral hygiene toothpaste, brushing toothpaste, dabur oral care, charcoal flavor toothpaste, household toothpaste, herbal dental care toothpaste, toothpaste pack, dabur dental care",2ea,,120g,N,Y,N,N,B0BQC6B15R-1,B0BQC6B15R-1,,https://m.media-amazon.com/images/I/81g3cRKDAcL._SL1500_.jpg,https://m.media-amazon.com/images/I/812VEbX-NAL._SL1500_.jpg,
Black Gel Toothpaste,,Dabur Herbl Activated Charcoal Toothpaste 120 g,Dabur,Dabur India Ltd,,3 pieces,21990,26990,10,12,"Dabur Herb’l Activated Charcoal Toothpaste – 120 g

Black Gel Toothpaste | Charcoal & Mint Inspired Formula | Daily Oral Care

Dabur Herb’l Activated Charcoal Toothpaste features a black gel formula inspired by charcoal and mint ingredients. The smooth gel spreads easily on a toothbrush and provides a refreshing flavor during brushing.

The gel texture offers a comfortable brushing experience and helps leave the mouth feeling clean and fresh after use. The convenient 120 g tube is suitable for regular home use and daily oral care routines.

? Key Features

Charcoal-inspired black gel toothpaste

Refreshing mint flavor experience

Smooth gel texture for easy brushing

Convenient 120 g tube packaging

Suitable for daily oral care routines

?? Texture & Experience

Smooth black gel toothpaste consistency

Mint flavor while brushing

Clean and refreshed mouth feel after use

?? How to Use

Apply a small amount of toothpaste to a toothbrush

Brush teeth gently for about 2 minutes

Rinse thoroughly with water

Use regularly as part of your daily oral care routine

?? Precautions

Do not swallow

Keep out of reach of children

Store in a cool and dry place

?? Product Details

Brand: Dabur

Product Name: Dabur Herb’l Activated Charcoal Toothpaste

Net Quantity: 120 g

Form: Gel Toothpaste

Category: Oral Care / Toothpaste
",https://m.media-amazon.com/images/I/81xOQoaHdOL._SL1500_.jpg,"dabur charcoal toothpaste, dabur herbal toothpaste, activated charcoal toothpaste, black gel toothpaste, charcoal mint toothpaste, toothpaste 120g, herbal gel toothpaste, oral care toothpaste, daily toothpaste, mint gel toothpaste, dental care toothpaste, toothpaste tube 120g, oral hygiene toothpaste, brushing toothpaste, dabur oral care, charcoal flavor toothpaste, household toothpaste, herbal dental care toothpaste, toothpaste pack, dabur dental care",3ea,,120g,N,Y,N,N,B0BQC6B15R-2,B0BQC6B15R-2,,https://m.media-amazon.com/images/I/81g3cRKDAcL._SL1500_.jpg,https://m.media-amazon.com/images/I/812VEbX-NAL._SL1500_.jpg,
Gulabari Premium Rose Water,,Dabur Gulabari Rose Face Cleanser – 100 ml,Dabur,Dabur India Ltd,,1 pieces,11990,14890,10,12,"Dabur Gulabari Rose Face Cleanser – 100 ml

Rose Face Cleanser | Gentle Facial Cleansing | Daily Skin Care

Dabur Gulabari Rose Face Cleanser is designed for everyday facial cleansing routines. The smooth gel formula spreads easily on the skin and helps wash away daily dirt, oil, and surface impurities.

Inspired by rose extracts and floral fragrance, the cleanser provides a refreshing face-wash experience. The lightweight formula rinses easily and leaves the skin feeling clean and comfortable after use.

The convenient 100 ml tube is suitable for regular use and can be included as part of a simple daily skincare routine.

? Key Features

Rose-inspired facial cleanser

Gentle face cleansing formula

Smooth gel texture for easy application

Suitable for daily skincare routines

Convenient 100 ml tube packaging

?? Texture & Feel

Smooth gel cleanser consistency

Light and refreshing texture

Leaves skin feeling clean and comfortable

?? How to Use

Wet your face with water

Apply a small amount of cleanser

Gently massage on the face in circular motions

Rinse thoroughly with water

Use regularly as part of your daily skincare routine

?? Precautions

For external use only

Avoid contact with eyes

Store in a cool and dry place

Keep out of reach of children

?? Product Details

Brand: Dabur

Product Name: Dabur Gulabari Rose Face Cleanser

Net Quantity: 100 ml

Form: Face Cleanser

Category: Skin Care / Face Wash
",https://m.media-amazon.com/images/I/61DvX+9-W3L._SL1500_.jpg,"dabur gulabari rose water, dabur rose toner, rose water toner, face toner 400ml, dabur face toner, rose facial toner, floral face toner, daily skin toner, rose skincare toner, facial toner liquid, dabur skincare toner, floral toner for face, everyday face toner, rose fragrance toner, facial refreshing toner, skincare toner 400ml, dabur gulabari toner, rose beauty toner, face toner for daily use, skin care toner",1ea,,100g,N,Y,N,N,B006Y11ES6,B006Y11ES6--1,,https://m.media-amazon.com/images/I/71sb7zpSqQL._SL1500_.jpg,https://m.media-amazon.com/images/I/71ASztsFaRL._SL1500_.jpg,
Gulabari Premium Rose Water,,"Dabur Gulabari Rose Water Face Toner – 400 ml
",Dabur,Dabur India Ltd,,1 pieces,16550,25990,10,12,"Dabur Gulabari Rose Water Face Toner – 400 ml

Rose Water Toner | Floral Facial Toner | Daily Skin Care

Dabur Gulabari Rose Water Face Toner is designed for everyday skincare routines. The lightweight liquid formula can be applied after cleansing as part of a simple facial care routine.

Inspired by rose extracts and floral fragrance, the toner provides a refreshing feel when applied to the skin. The gentle formula is suitable for regular use and leaves the skin feeling fresh and comfortable.

The convenient 400 ml bottle makes it suitable for daily use at home and fits easily into regular skincare routines.

? Key Features

Rose water facial toner

Lightweight liquid toner formula

Refreshing floral fragrance

Suitable for daily skincare routines

Convenient 400 ml bottle packaging

?? Texture & Feel

Lightweight liquid toner consistency

Refreshing and cooling feel on skin

Leaves skin feeling fresh and comfortable

?? How to Use

Cleanse your face thoroughly

Apply rose water on a cotton pad or directly on the skin

Gently wipe or pat onto the face

Use as part of your daily skincare routine

?? Precautions

For external use only

Avoid contact with eyes

Store in a cool and dry place

Keep out of reach of children

?? Product Details

Brand: Dabur

Product Name: Dabur Gulabari Rose Water Face Toner

Net Quantity: 400 ml

Form: Liquid Toner

Category: Skin Care / Face Toner
",https://m.media-amazon.com/images/I/61g-TQQZ4qL._SL1500_.jpg,"dabur gulabari rose water, dabur rose toner, rose water toner, face toner 400ml, dabur face toner, rose facial toner, floral face toner, daily skin toner, rose skincare toner, facial toner liquid, dabur skincare toner, floral toner for face, everyday face toner, rose fragrance toner, facial refreshing toner, skincare toner 400ml, dabur gulabari toner, rose beauty toner, face toner for daily use, skin care toner",1ea,,400g,N,Y,N,N,B085QMJ3TS,B085QMJ3TS-1,,https://m.media-amazon.com/images/I/51g72Z5LnqL.jpg,https://m.media-amazon.com/images/I/711Z7iXEpAL.jpg,
Gulabari Premium Rose Water,,"Dabur Gulabari Rose Water with Aloe Vera – 400 ml
",Dabur,Dabur India Ltd,,1 pieces,16550,25990,10,12,"Dabur Gulabari Rose Water with Aloe Vera – 400 ml

Rose Water Facial Toner | Aloe Vera Inspired Formula | Daily Skin Care

Dabur Gulabari Rose Water with Aloe Vera is designed for everyday skincare routines. The lightweight liquid formula can be applied after cleansing as part of a simple facial care routine.

Inspired by rose extracts and aloe vera ingredients, the toner provides a refreshing feel when applied to the skin. The gentle formula is suitable for regular use and leaves the skin feeling fresh and comfortable.

The convenient 400 ml bottle makes it suitable for daily use at home and fits easily into regular skincare routines.

? Key Features

Rose water facial toner with aloe vera

Lightweight liquid toner formula

Refreshing floral fragrance

Suitable for daily skincare routines

Convenient 400 ml bottle packaging

?? Texture & Feel

Lightweight liquid toner consistency

Refreshing and cooling feel on skin

Leaves skin feeling fresh and comfortable

?? How to Use

Cleanse your face thoroughly

Apply rose water on a cotton pad or directly on the skin

Gently wipe or pat onto the face

Use as part of your daily skincare routine

?? Precautions

For external use only

Avoid contact with eyes

Store in a cool and dry place

Keep out of reach of children

?? Product Details

Brand: Dabur

Product Name: Dabur Gulabari Rose Water with Aloe Vera

Net Quantity: 400 ml

Form: Liquid Toner

Category: Skin Care / Face Toner
",https://m.media-amazon.com/images/I/71iRQW9b8LL._SL1500_.jpg,"dabur gulabari rose water, dabur rose water aloe vera, rose water toner, face toner 400ml, dabur face toner, aloe vera rose toner, floral face toner, daily skin toner, rose skincare toner, facial toner liquid, dabur skincare toner, floral toner for face, everyday face toner, rose fragrance toner, facial refreshing toner, skincare toner 400ml, dabur gulabari toner, rose beauty toner, face toner for daily use, skin care toner",1ea,,400g,N,Y,N,N,B0D6B287HY,B0D6B287HY-1,,https://m.media-amazon.com/images/I/71kv913zrkL._SL1500_.jpg,https://m.media-amazon.com/images/I/61YUd3-kBVL._SL1500_.jpg,
Minimalist Baby ,,"Minimalist Baby Lotion with Ceramide & Squalane – 300 g
",Minimalist ,"Uprising Science Pvt Ltd, Uprising Science Pvt Ltd",,1 pieces,33990,45990,10,12,"Minimalist Baby Lotion with Ceramide & Squalane – 300 g

Baby Moisturizing Lotion | Gentle Baby Skin Care | Daily Baby Care

Minimalist Baby Lotion is designed for everyday baby skin care routines. The lightweight lotion spreads easily on the skin and provides a soft and comfortable feel after application.

Formulated with ingredients such as ceramide and squalane, the lotion offers a smooth texture that absorbs easily into the skin. It can be used regularly as part of a baby care routine.

The convenient 300 g pack is suitable for regular home use and daily baby care.

? Key Features

Baby moisturizing lotion for daily baby care

Lightweight lotion texture

Smooth and easy application

Formulated with ceramide and squalane

Convenient 300 g pack size

?? Texture & Feel

Smooth and lightweight lotion consistency

Easy to spread on baby’s skin

Leaves skin feeling soft and comfortable

?? How to Use

Take a small amount of lotion on your palm

Gently apply on the baby’s skin

Massage softly until absorbed

Use regularly as part of the baby care routine

?? Precautions

For external use only

Avoid contact with eyes

Store in a cool and dry place

Keep out of reach of children

?? Product Details

Brand: Minimalist

Product Name: Minimalist Baby Lotion with Ceramide & Squalane

Net Quantity: 300 g

Form: Lotion

Category: Baby Care / Baby Lotion

?? 20 Coupang-Safe SEO Keywords (Comma-Separated)

minimalist baby lotion, minimalist baby moisturizer, baby lotion 300g, baby moisturizing lotion, baby skin care lotion, gentle baby lotion, daily baby lotion, baby body lotion, baby skincare moisturizer, minimalist baby care, baby lotion for daily use, baby skin moisturizer, baby body care lotion, infant skin lotion, baby lotion bottle 300g, gentle baby moisturizer, baby care lotion, baby moisturizing cream, minimalist baby skincare, baby soft skin lotion",https://m.media-amazon.com/images/I/51wUqPxlNOL._SL1000_.jpg,"minimalist baby lotion, minimalist baby moisturizer, baby lotion 300g, baby moisturizing lotion, baby skin care lotion, gentle baby lotion, daily baby lotion, baby body lotion, baby skincare moisturizer, minimalist baby care, baby lotion for daily use, baby skin moisturizer, baby body care lotion, infant skin lotion, baby lotion bottle 300g, gentle baby moisturizer, baby care lotion, baby moisturizing cream, minimalist baby skincare, baby soft skin lotion",1ea,300ml,,N,Y,N,N,B0D61QJP6D,B0D61QJP6D-1,,https://m.media-amazon.com/images/I/61vmxgpT2fL._SL1080_.jpg,https://m.media-amazon.com/images/I/61L4wcLyp1L._SL1080_.jpg,
Minimalist Baby ,,Minimalist Gentle Baby Body Wash – 400 ml,Minimalist ,"Uprising Science Pvt Ltd, Uprising Science Pvt Ltd",,1 pieces,28900,35990,10,12,"Minimalist Gentle Baby Body Wash – 400 ml

Baby Body Wash | Head-to-Toe Cleanser | Gentle Daily Baby Care

Minimalist Gentle Baby Body Wash is designed for everyday baby bathing routines. The liquid cleanser spreads easily on the skin and creates a light lather that helps cleanse the skin during bath time.

Formulated with ingredients such as ceramide and vitamin B5, the body wash offers a smooth texture and comfortable cleansing experience. It rinses easily and leaves the skin feeling clean and soft after washing.

The convenient 400 ml bottle is suitable for regular baby care routines at home.

? Key Features

Gentle baby body wash for daily bathing

Head-to-toe cleanser for baby care routines

Smooth liquid cleanser texture

Formulated with ceramide and vitamin B5

Convenient 400 ml bottle

?? Texture & Feel

Smooth liquid body wash consistency

Light foaming formula

Leaves skin feeling clean and comfortable

?? How to Use

Wet the baby’s skin with water

Apply a small amount of body wash on your hand or sponge

Gently massage on the skin to create lather

Rinse thoroughly with water

?? Precautions

For external use only

Avoid contact with eyes

Store in a cool and dry place

Keep out of reach of children

?? Product Details

Brand: Minimalist
Product Name: Minimalist Gentle Baby Body Wash
Net Quantity: 400 ml
Form: Liquid Body Wash
Category: Baby Care / Baby Body Wash",https://m.media-amazon.com/images/I/512hIghJE8L._SL1000_.jpg,"minimalist baby body wash, minimalist baby wash, baby body wash 400ml, baby bath wash, gentle baby body wash, baby bathing cleanser, daily baby body wash, baby skincare wash, baby head to toe wash, baby bath cleanser, minimalist baby care wash, baby body cleanser, baby wash for daily use, baby bath care product, baby skin cleanser, infant body wash, baby body wash bottle 400ml, baby bath liquid wash, gentle baby bath wash, minimalist baby skincare",1ea,400ml,,N,Y,N,N,B0D5P2PTCN,B0D5P2PTCN-1,,https://m.media-amazon.com/images/I/515fi96wC1L._SL1080_.jpg,https://m.media-amazon.com/images/I/61L4wcLyp1L._SL1080_.jpg,
Minimalist Baby ,,"Minimalist Baby Massage Oil – 200 ml
",Minimalist ,"Uprising Science Pvt Ltd, Uprising Science Pvt Ltd",,1 pieces,26600,35990,10,12,"Minimalist Baby Massage Oil – 200 ml

Baby Massage Oil | Gentle Baby Care Oil | Daily Baby Care

Minimalist Baby Massage Oil is designed for everyday baby massage routines. The lightweight oil spreads easily on the skin and provides a smooth massage experience.

The oil blend includes ingredients such as coconut oil, sunflower oil, almond oil, and safflower oil. The smooth texture allows easy application and comfortable massage during baby care routines.

The convenient 200 ml bottle is suitable for regular use at home as part of daily baby care.

? Key Features

Baby massage oil for daily baby care

Smooth and lightweight oil texture

Easy application for baby massage routines

Blend of coconut, sunflower, almond, and safflower oils

Convenient 200 ml bottle

?? Texture & Feel

Lightweight oil consistency

Smooth and easy spreading formula

Comfortable massage experience

?? How to Use

Take a small amount of oil on your palm

Gently apply on the baby’s skin

Massage softly in circular motions

Use regularly as part of the baby care routine

?? Precautions

For external use only

Avoid contact with eyes

Store in a cool and dry place

Keep out of reach of children

?? Product Details

Brand: Minimalist
Product Name: Minimalist Baby Massage Oil
Net Quantity: 200 ml
Form: Oil
Category: Baby Care / Baby Massage Oil
",https://m.media-amazon.com/images/I/51KjiP7A-JL._SL1000_.jpg,"minimalist baby oil, minimalist baby massage oil, baby massage oil 200ml, baby body oil, baby care oil, gentle baby massage oil, daily baby massage oil, baby skincare oil, coconut baby oil, baby massage body oil, baby oil for daily use, infant massage oil, baby body care oil, baby oil bottle 200ml, minimalist baby care oil, baby massage routine oil, natural baby oil blend, baby massage skin oil, baby moisturizing oil, minimalist baby skincare oil",1ea,200ml,,N,Y,N,N,B0D6YXV4YJ,B0D6YXV4YJ-1,,https://m.media-amazon.com/images/I/51iX-JAUvVL._SL1080_.jpg,https://m.media-amazon.com/images/I/512u0nSAhaL._SL1080_.jpg,
Minimalist Face Wash,,"Minimalist Gentle Face Wash with Oat Extract & Hyaluronic Acid – 120 ml
",Minimalist ,"Uprising Science Pvt Ltd, Uprising Science Pvt Ltd",,1 pieces,16990,22990,10,12,"Minimalist Gentle Face Wash with Oat Extract & Hyaluronic Acid – 120 ml

Facial Cleanser | Gentle Face Wash | Daily Skin Care

Minimalist Gentle Face Wash is designed for everyday facial cleansing routines. The smooth gel cleanser spreads easily on the skin and helps wash away daily dirt, oil, and surface impurities.

Formulated with ingredients such as oat extract and hyaluronic acid, the cleanser offers a lightweight texture and a comfortable cleansing experience. The formula rinses easily and leaves the skin feeling clean and refreshed after use.

The convenient 120 ml tube is suitable for regular skincare routines at home or while traveling.

? Key Features

Gentle facial cleanser for daily skin care

Smooth gel face wash texture

Lightweight and easy-to-rinse formula

Formulated with oat extract and hyaluronic acid

Convenient 120 ml tube packaging

?? Texture & Feel

Smooth gel cleanser consistency

Lightweight and refreshing feel

Leaves skin feeling clean and comfortable

?? How to Use

Wet your face with water

Apply a small amount of face wash

Gently massage on the face in circular motions

Rinse thoroughly with water

Use regularly as part of your daily skincare routine

?? Precautions

For external use only

Avoid contact with eyes

Store in a cool and dry place

Keep out of reach of children

?? Product Details

Brand: Minimalist
Product Name: Minimalist Gentle Face Wash
Net Quantity: 120 ml
Form: Face Wash
Category: Skin Care / Facial Cleanser",https://m.media-amazon.com/images/I/51BKfSslU1L._SL1200_.jpg,"minimalist face wash, minimalist gentle face wash, face wash 120ml, facial cleanser minimalist, oat face wash, hyaluronic face wash, daily face wash, gentle facial cleanser, skincare face wash, minimalist skincare cleanser, face cleansing gel, facial wash minimalist, everyday face cleanser, face wash for daily use, skincare cleanser 120ml, minimalist skincare product, gentle skin cleanser, facial cleansing wash, minimalist beauty cleanser, daily facial cleanser",1ea,120ml,,N,Y,N,N,B09VPN4NTM,B09VPN4NTM-1,,https://m.media-amazon.com/images/I/61uKI4Qv+mL._SL1500_.jpg,https://m.media-amazon.com/images/I/51zCMZ0oxhL._SL1500_.jpg,
Minimalist Face Wash,,"Minimalist Aquaporin Face Wash – 100 ml
",Minimalist ,"Uprising Science Pvt Ltd, Uprising Science Pvt Ltd",,1 pieces,17500,23990,10,12,"Minimalist Aquaporin Face Wash – 100 ml

Gentle Facial Cleanser | Hyaluronic Acid Inspired Formula | Daily Skin Care

Minimalist Aquaporin Face Wash is designed for everyday facial cleansing routines. The smooth gel cleanser spreads easily on the skin and helps wash away daily dirt, oil, and surface impurities.

Formulated with ingredients such as hyaluronic acid, the cleanser provides a lightweight texture and a refreshing cleansing experience. The formula rinses easily and leaves the skin feeling clean and comfortable after use.

The convenient 100 ml tube is suitable for regular skincare routines and can be used by both men and women.

? Key Features

Gentle face wash for daily facial cleansing

Smooth gel cleanser texture

Lightweight and easy-to-rinse formula

Formulated with hyaluronic acid

Suitable for men and women

?? Texture & Feel

Smooth gel cleanser consistency

Light and refreshing feel

Leaves skin feeling clean and comfortable

?? How to Use

Wet your face with water

Apply a small amount of face wash

Gently massage on the face in circular motions

Rinse thoroughly with water

Use regularly as part of your daily skincare routine

?? Precautions

For external use only

Avoid contact with eyes

Store in a cool and dry place

Keep out of reach of children

?? Product Details

Brand: Minimalist
Product Name: Minimalist Aquaporin Face Wash
Net Quantity: 100 ml
Form: Face Wash
Category: Skin Care / Facial Cleanser
",https://m.media-amazon.com/images/I/51y+n-G0fJL._SL1200_.jpg,"minimalist face wash, minimalist aquaporin face wash, face wash 100ml, minimalist facial cleanser, hyaluronic acid face wash, gentle facial cleanser, daily face wash, skincare face wash, minimalist skincare cleanser, facial cleansing gel, everyday face cleanser, minimalist skincare product, facial wash minimalist, face wash for daily use, skincare cleanser 100ml, gentle skin cleanser, men women face wash, facial cleansing wash, minimalist beauty cleanser, daily facial cleanser",1ea,100ml,,N,Y,N,N,B09VLBWQDV,B09VLBWQDV-1,,https://m.media-amazon.com/images/I/51eqXMs-pHL._SL1280_.jpg,https://m.media-amazon.com/images/I/511Fl-84C-L._SL1280_.jpg,
Minimalist Face Wash,,Minimalist ALA + Glycolic Face Wash – 100 ml,Minimalist ,"Uprising Science Pvt Ltd, Uprising Science Pvt Ltd",,1 pieces,20950,29900,10,12,"Minimalist ALA + Glycolic Face Wash – 100 ml

Facial Cleanser | Gentle Exfoliating Face Wash | Daily Skin Care

Minimalist ALA + Glycolic Face Wash is designed for everyday facial cleansing routines. The smooth gel cleanser spreads easily on the skin and helps remove daily dirt, oil, and surface impurities during washing.

Formulated with ingredients such as ALA and glycolic acid, the cleanser offers a lightweight texture and comfortable cleansing experience. It rinses easily and leaves the skin feeling clean and refreshed after use.

The convenient 100 ml tube is suitable for regular skincare routines at home or while traveling.

? Key Features

Facial cleanser for daily skin care

Gentle exfoliating face wash formula

Smooth gel texture for easy application

Formulated with ALA and glycolic acid

Convenient 100 ml tube packaging

?? Texture & Feel

Smooth gel cleanser consistency

Lightweight and refreshing feel

Leaves skin feeling clean and comfortable

?? How to Use

Wet your face with water

Apply a small amount of face wash

Gently massage on the face in circular motions

Rinse thoroughly with water

Use regularly as part of your daily skincare routine

?? Precautions

For external use only

Avoid contact with eyes

Store in a cool and dry place

Keep out of reach of children

?? Product Details

Brand: Minimalist
Product Name: Minimalist ALA + Glycolic Face Wash
Net Quantity: 100 ml
Form: Face Wash
Category: Skin Care / Facial Cleanser",https://m.media-amazon.com/images/I/51SRCp9dInL._SL1200_.jpg,"minimalist face wash, minimalist glycolic face wash, minimalist exfoliating face wash, face wash 100ml, minimalist facial cleanser, glycolic acid face wash, gentle exfoliating cleanser, daily face wash, skincare face wash, minimalist skincare cleanser, facial cleansing gel, everyday face cleanser, minimalist skincare product, facial wash minimalist, face wash for daily use, skincare cleanser 100ml, gentle skin cleanser, exfoliating facial cleanser, minimalist beauty cleanser, daily facial cleanser",1ea,100ml,,N,Y,N,N,B09VLDY46B,B09VLDY46B-1,,https://m.media-amazon.com/images/I/71Mb4cxbKjL._SL1500_.jpg,https://m.media-amazon.com/images/I/71vtVoqgREL._SL1500_.jpg,
Minimalist Face Wash,,"Minimalist Salicylic Acid + LHA Face Cleanser – 100 ml
",Minimalist ,"Uprising Science Pvt Ltd, Uprising Science Pvt Ltd",,1 pieces,17990,23990,10,12,"Minimalist Salicylic Acid + LHA Face Cleanser – 100 ml

Facial Cleanser | Salicylic Acid Formula | Daily Skin Care

Minimalist Salicylic Acid + LHA Face Cleanser is designed for everyday facial cleansing routines. The smooth gel cleanser spreads easily on the skin and helps wash away daily dirt, oil, and surface impurities.

Formulated with ingredients such as salicylic acid, LHA, and zinc, the cleanser offers a lightweight texture and comfortable cleansing experience. The formula rinses easily and leaves the skin feeling clean and refreshed after use.

The convenient 100 ml tube is suitable for regular skincare routines and can be used as part of a daily face care routine.

? Key Features

Facial cleanser for daily skin care

Smooth gel cleanser texture

Lightweight and easy-to-rinse formula

Formulated with salicylic acid, LHA, and zinc

Convenient 100 ml tube packaging

?? Texture & Feel

Smooth gel cleanser consistency

Lightweight and refreshing feel

Leaves skin feeling clean and comfortable

?? How to Use

Wet your face with water

Apply a small amount of face cleanser

Gently massage on the face in circular motions

Rinse thoroughly with water

Use regularly as part of your daily skincare routine

?? Precautions

For external use only

Avoid contact with eyes

Store in a cool and dry place

Keep out of reach of children

?? Product Details

Brand: Minimalist
Product Name: Minimalist Salicylic Acid + LHA Face Cleanser
Net Quantity: 100 ml
Form: Face Cleanser
Category: Skin Care / Facial Cleanser",https://m.media-amazon.com/images/I/514PVblwPdL._SL1200_.jpg,"minimalist face cleanser, minimalist salicylic acid face wash, minimalist facial cleanser, face wash 100ml, salicylic acid face cleanser, daily facial cleanser, gentle face wash, skincare face cleanser, minimalist skincare face wash, facial cleansing gel, minimalist beauty cleanser, everyday face cleanser, minimalist skincare product, face wash for daily use, skincare cleanser 100ml, gentle facial cleanser, minimalist skin cleanser, facial cleansing wash, minimalist gel face wash, daily face cleansing gel",1ea,100ml,,N,Y,N,N,B096PJMGPL,B096PJMGPL-1,,https://m.media-amazon.com/images/I/51oi39ZWclL._SL1280_.jpg,https://m.media-amazon.com/images/I/61jKaMBuosL._SL1280_.jpg,
Minimalist Face Serum ,,Minimalist Face Serum,Minimalist ,"Uprising Science Pvt Ltd, Uprising Science Pvt Ltd",,1 pieces,14500,19990,10,12,"Minimalist Niacinamide Serum with Zinc – 10 ml

Face Serum | Niacinamide (Vitamin B3) Formula | Daily Skin Care

Minimalist Niacinamide Serum with Zinc is designed for everyday skincare routines. The lightweight serum texture spreads easily on the skin and absorbs comfortably after application.

Formulated with niacinamide (vitamin B3) and zinc, the serum offers a smooth texture that blends easily into the skin. The compact 10 ml bottle makes it suitable for regular skincare routines at home or while traveling.

? Key Features

Face serum for daily skincare routines

Lightweight serum texture for easy application

Smooth and quick-absorbing formula

Formulated with niacinamide (vitamin B3) and zinc

Convenient 10 ml bottle

?? Texture & Feel

Lightweight serum consistency

Smooth and easy-to-blend formula

Leaves skin feeling fresh and comfortable

?? How to Use

Cleanse your face thoroughly

Apply a few drops of serum to the face

Gently spread and allow it to absorb

Follow with your regular moisturizer

Use as part of your daily skincare routine

?? Precautions

For external use only

Avoid contact with eyes

Store in a cool and dry place

Keep out of reach of children

?? Product Details

Brand: Minimalist
Product Name: Minimalist Niacinamide Serum with Zinc
Net Quantity: 10 ml
Form: Face Serum
Category: Skin Care / Face Serum",https://m.media-amazon.com/images/I/61MSZ7e7NmL._SL1500_.jpg,"minimalist niacinamide serum, minimalist face serum, niacinamide serum 10ml, minimalist vitamin b3 serum, zinc face serum, minimalist skincare serum, face serum for daily use, skincare serum minimalist, niacinamide facial serum, minimalist beauty serum, facial care serum, minimalist skin serum, daily skincare serum, face serum bottle 10ml, minimalist vitamin serum, skin care niacinamide serum, minimalist skincare product, lightweight face serum, minimalist facial serum, daily face care serum",1ea,10ml,,N,Y,N,N,B0CW1M65YC,B0CW1M65YC-1,,https://m.media-amazon.com/images/I/61tbAgzvqZL._SL1000_.jpg,https://m.media-amazon.com/images/I/61VGDMtIFPL._SL1000_.jpg,
Minimalist Face Serum ,,Minimalist Alpha Arbutin Face Serum – 10 ml,Minimalist ,"Uprising Science Pvt Ltd, Uprising Science Pvt Ltd",,1 pieces,14500,19990,10,12,"Minimalist Alpha Arbutin Face Serum – 10 ml

Face Serum | Alpha Arbutin & Hyaluronic Acid Formula | Daily Skin Care

Minimalist Alpha Arbutin Face Serum is designed for everyday skincare routines. The lightweight serum texture spreads easily on the skin and absorbs smoothly after application.

Formulated with alpha arbutin and hyaluronic acid, the serum offers a comfortable and lightweight feel on the skin. The compact 10 ml bottle is convenient for regular skincare routines at home or while traveling.

? Key Features

Face serum for daily skincare routines

Lightweight serum texture for easy application

Smooth and quick-absorbing formula

Formulated with alpha arbutin and hyaluronic acid

Suitable for men and women

?? Texture & Feel

Lightweight serum consistency

Smooth and easy-to-blend formula

Leaves skin feeling fresh and comfortable

?? How to Use

Cleanse your face thoroughly

Apply a few drops of serum to the face

Gently spread and allow it to absorb

Follow with your regular moisturizer

Use as part of your daily skincare routine

?? Precautions

For external use only

Avoid contact with eyes

Store in a cool and dry place

Keep out of reach of children

?? Product Details

Brand: Minimalist
Product Name: Minimalist Alpha Arbutin Face Serum
Net Quantity: 10 ml
Form: Face Serum
Category: Skin Care / Face Serum",https://m.media-amazon.com/images/I/51bO6zzJj4L._SL1200_.jpg,"minimalist alpha arbutin serum, minimalist face serum, alpha arbutin serum 10ml, minimalist skincare serum, hyaluronic acid serum, minimalist facial serum, face serum for daily use, skincare serum minimalist, lightweight face serum, minimalist beauty serum, daily skincare serum, facial care serum, minimalist skin serum, serum bottle 10ml, minimalist vitamin serum, skincare alpha arbutin serum, minimalist skincare product, gentle face serum, minimalist cosmetic serum, daily face care serum",1ea,10ml,,N,Y,N,N,B0CW1KVNL8,B0CW1KVNL8-1,,https://m.media-amazon.com/images/I/71kR21E0GLL._SL1500_.jpg,https://m.media-amazon.com/images/I/718fT1zW3qL._SL1500_.jpg,
Super Stay Lumi Matte Liquid Foundation,,"Maybelline New York Super Stay Lumi Matte Liquid Foundation Shade 140, 35 ml",Maybelline,Yichang Tianmei International Cosmetics,,1 pieces,23590,26990,10,12,"Maybelline New York Super Stay Lumi Matte Liquid Foundation – Shade 140, 35 ml

Liquid Foundation | Lumi Matte Finish | Smooth Blendable Makeup

Maybelline New York Super Stay Lumi Matte Liquid Foundation is designed for everyday makeup routines. The lightweight liquid formula blends easily into the skin and helps create a smooth and even makeup base.

The foundation offers a comfortable texture that spreads easily during application. Its liquid consistency allows easy blending with a brush, sponge, or fingertips, making it suitable for daily makeup looks.

The convenient 35 ml bottle is suitable for regular personal use and can be included as part of a complete makeup routine.

? Key Features

Liquid foundation for everyday makeup

Lumi matte finish appearance

Smooth and blendable texture

Lightweight liquid formula

Shade 140, 35 ml bottle

?? Texture & Finish

Lightweight liquid consistency

Easy-to-blend foundation formula

Smooth and natural-looking finish

?? How to Use

Apply a small amount of foundation on clean skin

Blend evenly using a brush, sponge, or fingertips

Build coverage gradually if desired

?? Precautions

For external use only

Avoid contact with eyes

Store in a cool and dry place

?? Product Details

Brand: Maybelline New York
Product Name: Super Stay Lumi Matte Liquid Foundation
Shade: 140
Net Quantity: 35 ml
Form: Liquid Foundation
Category: Makeup / Face Foundation",https://m.media-amazon.com/images/I/51tOVaUlcDL._SL1500_.jpg,"maybelline foundation, maybelline lumi matte foundation, maybelline liquid foundation, maybelline super stay foundation, foundation shade 140, liquid foundation 35ml, maybelline makeup foundation, matte finish foundation, face makeup foundation, maybelline base makeup, blendable liquid foundation, everyday foundation makeup, maybelline face foundation, cosmetic foundation liquid, makeup base foundation, maybelline beauty foundation, smooth finish foundation, lightweight foundation makeup, maybelline complexion makeup, liquid face foundation",140,35ml,,N,Y,N,N,B0F6SG45JM,B0F6SG45JM-1,,https://m.media-amazon.com/images/I/71GObb1RwsL._SL1500_.jpg,https://m.media-amazon.com/images/I/71-GCE+SvWL._SL1500_.jpg,
Super Stay Lumi Matte Liquid Foundation,,"Maybelline New York Super Stay Lumi Matte Liquid Foundation Shade 123, 35 ml",Maybelline,Yichang Tianmei International Cosmetics,,1 pieces,23590,26990,10,12,"Maybelline New York Super Stay Lumi-Matte Liquid Foundation – Shade 123, 35 ml

Liquid Foundation | Lumi-Matte Finish | Smooth Blendable Makeup

Maybelline New York Super Stay Lumi-Matte Liquid Foundation is designed for everyday makeup routines. The lightweight liquid formula blends smoothly into the skin and helps create an even-looking makeup base.

The foundation features a smooth texture that spreads easily during application. Its liquid consistency allows effortless blending using a brush, sponge, or fingertips, making it suitable for daily makeup looks.

The convenient 35 ml bottle is suitable for regular personal use and can be included as part of a complete makeup routine.

? Key Features

Liquid foundation for everyday makeup

Lumi-matte finish appearance

Smooth and blendable texture

Lightweight liquid formula

Shade 123, 35 ml bottle

?? Texture & Finish

Lightweight liquid consistency

Easy-to-blend foundation formula

Smooth and natural-looking finish

?? How to Use

Apply a small amount of foundation on clean skin

Blend evenly using a brush, sponge, or fingertips

Build coverage gradually if desired

?? Precautions

For external use only

Avoid contact with eyes

Store in a cool and dry place

?? Product Details

Brand: Maybelline New York
Product Name: Super Stay Lumi-Matte Liquid Foundation
Shade: 123
Net Quantity: 35 ml
Form: Liquid Foundation
Category: Makeup / Face Foundation",https://m.media-amazon.com/images/I/41zG-AJqlsL._SL1080_.jpg,"maybelline foundation, maybelline lumi matte foundation, maybelline liquid foundation, maybelline super stay foundation, foundation shade 123, liquid foundation 35ml, maybelline makeup foundation, matte finish foundation, face makeup foundation, maybelline base makeup, blendable liquid foundation, everyday foundation makeup, maybelline face foundation, cosmetic foundation liquid, makeup base foundation, maybelline beauty foundation, smooth finish foundation, lightweight foundation makeup, maybelline complexion makeup, liquid face foundation",123,35ml,,N,Y,N,N,B0CTHYFY9T,B0CTHYFY9T-1,,https://m.media-amazon.com/images/I/71osiFH7WHL._SL1500_.jpg,https://m.media-amazon.com/images/I/71HvRch2uJL._SL1500_.jpg,
Super Stay Lumi Matte Liquid Foundation,,"Maybelline New York Super Stay Lumi-Matte Liquid Foundation Shade 228, 35 ml",Maybelline,Yichang Tianmei International Cosmetics,,1 pieces,23590,26990,10,12,"Maybelline New York Super Stay Lumi-Matte Liquid Foundation – Shade 228, 35 ml

Liquid Foundation | Lumi-Matte Finish | Smooth Blendable Makeup

Maybelline New York Super Stay Lumi-Matte Liquid Foundation is designed for everyday makeup routines. The lightweight liquid formula blends smoothly into the skin and helps create an even-looking makeup base.

The foundation features a smooth texture that spreads easily during application. Its liquid consistency allows effortless blending using a brush, sponge, or fingertips, making it suitable for daily makeup looks.

The convenient 35 ml bottle is suitable for regular personal use and can be included as part of a complete makeup routine.

? Key Features

Liquid foundation for everyday makeup

Lumi-matte finish appearance

Smooth and blendable texture

Lightweight liquid formula

Shade 228, 35 ml bottle

?? Texture & Finish

Lightweight liquid consistency

Easy-to-blend foundation formula

Smooth and natural-looking finish

?? How to Use

Apply a small amount of foundation on clean skin

Blend evenly using a brush, sponge, or fingertips

Build coverage gradually if desired

?? Precautions

For external use only

Avoid contact with eyes

Store in a cool and dry place

?? Product Details

Brand: Maybelline New York
Product Name: Super Stay Lumi-Matte Liquid Foundation
Shade: 228
Net Quantity: 35 ml
Form: Liquid Foundation
Category: Makeup / Face Foundation",https://m.media-amazon.com/images/I/41NKFwowIDL._SL1080_.jpg,"maybelline foundation, maybelline lumi matte foundation, maybelline liquid foundation, maybelline super stay foundation, foundation shade 228, liquid foundation 35ml, maybelline makeup foundation, matte finish foundation, face makeup foundation, maybelline base makeup, blendable liquid foundation, everyday foundation makeup, maybelline face foundation, cosmetic foundation liquid, makeup base foundation, maybelline beauty foundation, smooth finish foundation, lightweight foundation makeup, maybelline complexion makeup, liquid face foundation",228,35ml,,N,Y,N,N,B0CTMX3L7Q,B0CTMX3L7Q-1,,https://m.media-amazon.com/images/I/71osiFH7WHL._SL1500_.jpg,https://m.media-amazon.com/images/I/71HvRch2uJL._SL1500_.jpg,
Super Stay Lumi Matte Liquid Foundation,,"Maybelline New York Super Stay Lumi-Matte Liquid Foundation Shade 230, 35 ml",Maybelline,Yichang Tianmei International Cosmetics,,1 pieces,23590,26990,10,12,"Maybelline New York Super Stay Lumi-Matte Liquid Foundation – Shade 230, 35 ml

Liquid Foundation | Lumi-Matte Finish | Smooth Blendable Makeup

Maybelline New York Super Stay Lumi-Matte Liquid Foundation is designed for everyday makeup routines. The lightweight liquid formula blends smoothly into the skin and helps create an even-looking makeup base.

The foundation features a smooth texture that spreads easily during application. Its liquid consistency allows effortless blending using a brush, sponge, or fingertips, making it suitable for daily makeup looks.

The convenient 35 ml bottle is suitable for regular personal use and can be included as part of a complete makeup routine.

? Key Features

Liquid foundation for everyday makeup

Lumi-matte finish appearance

Smooth and blendable texture

Lightweight liquid formula

Shade 230, 35 ml bottle

?? Texture & Finish

Lightweight liquid consistency

Easy-to-blend foundation formula

Smooth and natural-looking finish

?? How to Use

Apply a small amount of foundation on clean skin

Blend evenly using a brush, sponge, or fingertips

Build coverage gradually if desired

?? Precautions

For external use only

Avoid contact with eyes

Store in a cool and dry place

?? Product Details

Brand: Maybelline New York
Product Name: Super Stay Lumi-Matte Liquid Foundation
Shade: 230
Net Quantity: 35 ml
Form: Liquid Foundation
Category: Makeup / Face Foundation",https://m.media-amazon.com/images/I/41RYAyKtXgL._SL1080_.jpg,"maybelline foundation, maybelline lumi matte foundation, maybelline liquid foundation, maybelline super stay foundation, foundation shade 230, liquid foundation 35ml, maybelline makeup foundation, matte finish foundation, face makeup foundation, maybelline base makeup, blendable liquid foundation, everyday foundation makeup, maybelline face foundation, cosmetic foundation liquid, makeup base foundation, maybelline beauty foundation, smooth finish foundation, lightweight foundation makeup, maybelline complexion makeup, liquid face foundation",230,35ml,,N,Y,N,N,B0CTMSKDJN,B0CTMSKDJN-1,,https://m.media-amazon.com/images/I/71osiFH7WHL._SL1500_.jpg,https://m.media-amazon.com/images/I/71HvRch2uJL._SL1500_.jpg,
Super Stay Lumi Matte Liquid Foundation,,"Maybelline New York Super Stay Lumi-Matte Liquid Foundation Shade 250, 35 ml",Maybelline,Yichang Tianmei International Cosmetics,,1 pieces,23590,26990,10,12,"Maybelline New York Super Stay Lumi Matte Liquid Foundation – Shade 250, 35 ml

Liquid Foundation | Lumi Matte Finish | Smooth Blendable Makeup

Maybelline New York Super Stay Lumi Matte Liquid Foundation is designed for everyday makeup routines. The lightweight liquid formula blends smoothly into the skin and helps create an even-looking makeup base.

The foundation features a smooth texture that spreads easily during application. Its liquid consistency allows effortless blending using a brush, sponge, or fingertips, making it suitable for daily makeup looks.

The convenient 35 ml bottle is suitable for regular personal use and can be included as part of a complete makeup routine.

? Key Features

Liquid foundation for everyday makeup

Lumi matte finish appearance

Smooth and blendable texture

Lightweight liquid formula

Shade 250, 35 ml bottle

?? Texture & Finish

Lightweight liquid consistency

Easy-to-blend foundation formula

Smooth and natural-looking finish

?? How to Use

Apply a small amount of foundation on clean skin

Blend evenly using a brush, sponge, or fingertips

Build coverage gradually if desired

?? Precautions

For external use only

Avoid contact with eyes

Store in a cool and dry place

?? Product Details

Brand: Maybelline New York
Product Name: Super Stay Lumi Matte Liquid Foundation
Shade: 250
Net Quantity: 35 ml
Form: Liquid Foundation
Category: Makeup / Face Foundation",https://m.media-amazon.com/images/I/5149kN2OKKL._SL1500_.jpg,"maybelline foundation, maybelline lumi matte foundation, maybelline liquid foundation, maybelline super stay foundation, foundation shade 250, liquid foundation 35ml, maybelline makeup foundation, matte finish foundation, face makeup foundation, maybelline base makeup, blendable liquid foundation, everyday foundation makeup, maybelline face foundation, cosmetic foundation liquid, makeup base foundation, maybelline beauty foundation, smooth finish foundation, lightweight foundation makeup, maybelline complexion makeup, liquid face foundation",250,35ml,,N,Y,N,N,B0F6ST66VQ,B0F6ST66VQ-1,,https://m.media-amazon.com/images/I/71osiFH7WHL._SL1500_.jpg,https://m.media-amazon.com/images/I/71HvRch2uJL._SL1500_.jpg,
Super Stay Lumi Matte Liquid Foundation,,"Maybelline New York Super Stay Lumi-Matte Liquid Foundation Shade 311, 35 ml",Maybelline,Yichang Tianmei International Cosmetics,,1 pieces,23590,26990,10,12,"Maybelline New York Super Stay Lumi Matte Liquid Foundation – Shade 311, 35 ml

Liquid Foundation | Lumi Matte Finish | Smooth Blendable Makeup

Maybelline New York Super Stay Lumi Matte Liquid Foundation is designed for everyday makeup routines. The lightweight liquid formula blends smoothly into the skin and helps create an even-looking makeup base.

The foundation features a smooth texture that spreads easily during application. Its liquid consistency allows effortless blending using a brush, sponge, or fingertips, making it suitable for daily makeup looks.

The convenient 35 ml bottle is suitable for regular personal use and can be included as part of a complete makeup routine.

? Key Features

Liquid foundation for everyday makeup

Lumi matte finish appearance

Smooth and blendable texture

Lightweight liquid formula

Shade 311, 35 ml bottle

?? Texture & Finish

Lightweight liquid consistency

Easy-to-blend foundation formula

Smooth and natural-looking finish

?? How to Use

Apply a small amount of foundation on clean skin

Blend evenly using a brush, sponge, or fingertips

Build coverage gradually if desired

?? Precautions

For external use only

Avoid contact with eyes

Store in a cool and dry place

?? Product Details

Brand: Maybelline New York
Product Name: Super Stay Lumi Matte Liquid Foundation
Shade: 311
Net Quantity: 35 ml
Form: Liquid Foundation
Category: Makeup / Face Foundation",https://m.media-amazon.com/images/I/51G6STW7CNL._SL1500_.jpg,"maybelline foundation, maybelline lumi matte foundation, maybelline liquid foundation, maybelline super stay foundation, foundation shade 311, liquid foundation 35ml, maybelline makeup foundation, matte finish foundation, face makeup foundation, maybelline base makeup, blendable liquid foundation, everyday foundation makeup, maybelline face foundation, cosmetic foundation liquid, makeup base foundation, maybelline beauty foundation, smooth finish foundation, lightweight foundation makeup, maybelline complexion makeup, liquid face foundation",311,35ml,,N,Y,N,N,B0CTJ1KJWM,B0CTJ1KJWM1-1,,https://m.media-amazon.com/images/I/71osiFH7WHL._SL1500_.jpg,https://m.media-amazon.com/images/I/71HvRch2uJL._SL1500_.jpg,
Super Stay Lumi Matte Liquid Foundation,,"Maybelline New York Super Stay Lumi-Matte Liquid Foundation Shade 326, 35 ml",Maybelline,Yichang Tianmei International Cosmetics,,1 pieces,23590,26990,10,12,"Maybelline New York Super Stay Lumi Matte Liquid Foundation – Shade 326, 35 ml

Liquid Foundation | Lumi Matte Finish | Smooth Blendable Makeup

Maybelline New York Super Stay Lumi Matte Liquid Foundation is designed for everyday makeup routines. The lightweight liquid formula blends smoothly into the skin and helps create an even-looking makeup base.

The foundation features a smooth texture that spreads easily during application. Its liquid consistency allows effortless blending using a brush, sponge, or fingertips, making it suitable for daily makeup looks.

The convenient 35 ml bottle is suitable for regular personal use and can be included as part of a complete makeup routine.

? Key Features

Liquid foundation for everyday makeup

Lumi matte finish appearance

Smooth and blendable texture

Lightweight liquid formula

Shade 326, 35 ml bottle

?? Texture & Finish

Lightweight liquid consistency

Easy-to-blend foundation formula

Smooth and natural-looking finish

?? How to Use

Apply a small amount of foundation on clean skin

Blend evenly using a brush, sponge, or fingertips

Build coverage gradually if desired

?? Precautions

For external use only

Avoid contact with eyes

Store in a cool and dry place

?? Product Details

Brand: Maybelline New York
Product Name: Super Stay Lumi Matte Liquid Foundation
Shade: 326
Net Quantity: 35 ml
Form: Liquid Foundation
Category: Makeup / Face Foundation",https://m.media-amazon.com/images/I/51OKOsmAXCL._SL1500_.jpg,"maybelline foundation, maybelline lumi matte foundation, maybelline liquid foundation, maybelline super stay foundation, foundation shade 326, liquid foundation 35ml, maybelline makeup foundation, matte finish foundation, face makeup foundation, maybelline base makeup, blendable liquid foundation, everyday foundation makeup, maybelline face foundation, cosmetic foundation liquid, makeup base foundation, maybelline beauty foundation, smooth finish foundation, lightweight foundation makeup, maybelline complexion makeup, liquid face foundation",326,35ml,,N,Y,N,N,B0CTJ12C25,B0CTJ12C25-1,,https://m.media-amazon.com/images/I/71osiFH7WHL._SL1500_.jpg,https://m.media-amazon.com/images/I/71HvRch2uJL._SL1500_.jpg,
Super Stay Lumi Matte Liquid Foundation,,"Maybelline New York Super Stay Lumi-Matte Liquid Foundation Shade 330, 35 ml",Maybelline,Yichang Tianmei International Cosmetics,,1 pieces,25590,26990,10,12,"Maybelline New York Super Stay Lumi-Matte Liquid Foundation – Shade 330, 35 ml

Liquid Foundation | Lumi-Matte Finish | Smooth Blendable Makeup

Maybelline New York Super Stay Lumi-Matte Liquid Foundation is designed for everyday makeup routines. The lightweight liquid formula blends smoothly into the skin and helps create an even-looking makeup base.

The foundation features a smooth texture that spreads easily during application. Its liquid consistency allows effortless blending using a brush, sponge, or fingertips, making it suitable for daily makeup looks.

The convenient 35 ml bottle is suitable for regular personal use and can be included as part of a complete makeup routine.

? Key Features

Liquid foundation for everyday makeup

Lumi-matte finish appearance

Smooth and blendable texture

Lightweight liquid formula

Shade 330, 35 ml bottle

?? Texture & Finish

Lightweight liquid consistency

Easy-to-blend foundation formula

Smooth and natural-looking finish

?? How to Use

Apply a small amount of foundation on clean skin

Blend evenly using a brush, sponge, or fingertips

Build coverage gradually if desired

?? Precautions

For external use only

Avoid contact with eyes

Store in a cool and dry place

?? Product Details

Brand: Maybelline New York
Product Name: Super Stay Lumi-Matte Liquid Foundation
Shade: 330
Net Quantity: 35 ml
Form: Liquid Foundation
Category: Makeup / Face Foundation",https://m.media-amazon.com/images/I/41u8BJGqVWL._SL1080_.jpg,"maybelline foundation, maybelline lumi matte foundation, maybelline liquid foundation, maybelline super stay foundation, foundation shade 330, liquid foundation 35ml, maybelline makeup foundation, matte finish foundation, face makeup foundation, maybelline base makeup, blendable liquid foundation, everyday foundation makeup, maybelline face foundation, cosmetic foundation liquid, makeup base foundation, maybelline beauty foundation, smooth finish foundation, lightweight foundation makeup, maybelline complexion makeup, liquid face foundation",330,35ml,,N,Y,N,N,B0CTJ22K2X,B0CTJ22K2X-1,,https://m.media-amazon.com/images/I/71osiFH7WHL._SL1500_.jpg,https://m.media-amazon.com/images/I/71HvRch2uJL._SL1500_.jpg,
Super Stay Lumi Matte Liquid Foundation,,"Maybelline New York Super Stay Lumi-Matte Liquid Foundation Shade 340, 35 ml",Maybelline,Yichang Tianmei International Cosmetics,,1 pieces,25590,26990,10,12,"Maybelline New York Super Stay Lumi Matte Liquid Foundation – Shade 340, 35 ml

Liquid Foundation | Lumi Matte Finish | Smooth Blendable Makeup

Maybelline New York Super Stay Lumi Matte Liquid Foundation is designed for everyday makeup routines. The lightweight liquid formula blends smoothly into the skin and helps create an even-looking makeup base.

The foundation features a smooth texture that spreads easily during application. Its liquid consistency allows effortless blending using a brush, sponge, or fingertips, making it suitable for daily makeup looks.

The convenient 35 ml bottle is suitable for regular personal use and can be included as part of a complete makeup routine.

? Key Features

Liquid foundation for everyday makeup

Lumi matte finish appearance

Smooth and blendable texture

Lightweight liquid formula

Shade 340, 35 ml bottle

?? Texture & Finish

Lightweight liquid consistency

Easy-to-blend foundation formula

Smooth and natural-looking finish

?? How to Use

Apply a small amount of foundation on clean skin

Blend evenly using a brush, sponge, or fingertips

Build coverage gradually if desired

?? Precautions

For external use only

Avoid contact with eyes

Store in a cool and dry place

?? Product Details

Brand: Maybelline New York
Product Name: Super Stay Lumi Matte Liquid Foundation
Shade: 340
Net Quantity: 35 ml
Form: Liquid Foundation
Category: Makeup / Face Foundation

?? 20 Coupang-Safe SEO Keywords (Comma-Separated)

maybelline foundation, maybelline lumi matte foundation, maybelline liquid foundation, maybelline super stay foundation, foundation shade 340, liquid foundation 35ml, maybelline makeup foundation, matte finish foundation, face makeup foundation, maybelline base makeup, blendable liquid foundation, everyday foundation makeup, maybelline face foundation, cosmetic foundation liquid, makeup base foundation, maybelline beauty foundation, smooth finish foundation, lightweight foundation makeup, maybelline complexion makeup, liquid face foundation",https://m.media-amazon.com/images/I/51jbFnbvjPL._SL1500_.jpg,"maybelline foundation, maybelline lumi matte foundation, maybelline liquid foundation, maybelline super stay foundation, foundation shade 340, liquid foundation 35ml, maybelline makeup foundation, matte finish foundation, face makeup foundation, maybelline base makeup, blendable liquid foundation, everyday foundation makeup, maybelline face foundation, cosmetic foundation liquid, makeup base foundation, maybelline beauty foundation, smooth finish foundation, lightweight foundation makeup, maybelline complexion makeup, liquid face foundation",340,35ml,,N,Y,N,N,B0CTD4JY4N,B0CTD4JY4N-1,,https://m.media-amazon.com/images/I/71osiFH7WHL._SL1500_.jpg,https://m.media-amazon.com/images/I/71HvRch2uJL._SL1500_.jpg,
Matte Liquid Foundation,,"Maybelline New York Fit Me Matte Liquid Foundation – Shade 115 Ivory, 18 ml",Maybelline,Yichang Tianmei International Cosmetics,,1 pieces,16990,26990,10,12,"Maybelline New York Fit Me Matte Liquid Foundation – Shade 115 Ivory, 18 ml

Liquid Foundation | Matte Finish | Smooth Blendable Makeup

Maybelline New York Fit Me Matte Liquid Foundation is designed for everyday makeup routines. The lightweight liquid formula blends easily into the skin and helps create an even-looking makeup base.

The foundation features a smooth texture that spreads easily during application. Its liquid consistency allows effortless blending using a brush, sponge, or fingertips, making it suitable for daily makeup looks.

The compact 18 ml bottle is convenient for personal use and easy to carry while traveling.

? Key Features

Liquid foundation for everyday makeup

Matte finish appearance

Smooth and blendable texture

Lightweight liquid formula

Shade 115 Ivory, 18 ml bottle

?? Texture & Finish

Lightweight liquid consistency

Easy-to-blend foundation formula

Smooth and natural-looking finish",https://m.media-amazon.com/images/I/41gfpqs4D6L._SL1080_.jpg,"maybelline foundation, maybelline fit me foundation, liquid foundation, matte liquid foundation, fit me foundation, face makeup foundation, lightweight foundation, blendable foundation, natural finish foundation, daily use foundation, warm nude foundation, foundation 18ml, makeup base foundation, smooth texture foundation, even finish foundation, face base makeup, liquid face foundation, cosmetic foundation, long lasting foundation, light coverage foundation",115 Ivory ,18 ml,,N,Y,N,N,B07PMCNNPY,B07PMCNNPY-1,,https://m.media-amazon.com/images/I/61MbQKNbnyL._SL1080_.jpg,https://m.media-amazon.com/images/I/619wldX7eCL._SL1080_.jpg,
Matte Liquid Foundation,,Maybelline New York Fit Me Matte Liquid Foundation Shade 128 Warm Nude 18 ml,Maybelline,Yichang Tianmei International Cosmetics,,1 pieces,16990,26990,10,12,"Maybelline New York Fit Me Matte Liquid Foundation Shade 128 Warm Nude 18 ml

Liquid Foundation | Matte Finish | Smooth Blendable Makeup

Maybelline New York Fit Me Matte Liquid Foundation is designed for everyday makeup routines. The lightweight liquid formula blends easily into the skin and helps create an even-looking makeup base. It is suitable for regular use and works well as part of a daily makeup routine.

The foundation features a smooth and fluid texture that spreads evenly during application. Its blendable consistency allows easy use with a brush, sponge, or fingertips, making it convenient for both quick and detailed makeup looks. The finish appears natural and comfortable on the skin without feeling heavy.

The compact 18 ml bottle is designed for easy handling and storage. Its travel-friendly size makes it convenient to carry in a makeup pouch or handbag for on-the-go use.

? Key Features

Liquid foundation for everyday makeup
Matte finish appearance
Smooth and blendable texture
Lightweight liquid formula
Easy application with brush, sponge, or fingers
Shade 128 Warm Nude 18 ml bottle

?? Texture & Finish

Lightweight liquid consistency
Smooth and easy-to-blend texture
Natural-looking and even finish
Comfortable feel on skin",https://m.media-amazon.com/images/I/41DsJN2tH8L._SL1080_.jpg,"maybelline foundation, maybelline fit me foundation, liquid foundation, matte liquid foundation, fit me foundation, face makeup foundation, lightweight foundation, blendable foundation, natural finish foundation, daily use foundation, warm nude foundation, foundation 18ml, makeup base foundation, smooth texture foundation, even finish foundation, face base makeup, liquid face foundation, cosmetic foundation, long lasting foundation, light coverage foundation",128 Warm Nude,18 ml,,N,Y,N,N,B07L3R68G2,B07L3R68G2-1,,https://m.media-amazon.com/images/I/61MbQKNbnyL._SL1080_.jpg,https://m.media-amazon.com/images/I/616KWKlykiL._SL1000_.jpg,
Matte Liquid Foundation,,Maybelline New York Fit Me Matte Liquid Foundation Shade 220 Natural Beige 18 ml,Maybelline,Yichang Tianmei International Cosmetics,,1 pieces,16990,26990,10,12,"Maybelline New York Fit Me Matte Liquid Foundation Shade 220 Natural Beige 18 ml

Liquid Foundation | Matte Finish | Smooth Blendable Makeup

Maybelline New York Fit Me Matte Liquid Foundation is designed for everyday makeup routines. The lightweight liquid formula blends easily into the skin and helps create an even-looking makeup base. It is suitable for regular use and fits well into daily makeup routines.

The foundation has a smooth and fluid texture that spreads evenly during application. Its blendable consistency allows easy use with a brush, sponge, or fingertips, making it convenient for both quick and detailed makeup looks. The finish appears natural and comfortable on the skin without feeling heavy.

The compact 18 ml bottle is easy to handle and store. Its travel-friendly size makes it convenient to carry in a makeup pouch or handbag for on-the-go use.

? Key Features

Liquid foundation for everyday makeup
Matte finish appearance
Smooth and blendable texture
Lightweight liquid formula
Easy application with brush, sponge, or fingers
Shade 220 Natural Beige 18 ml bottle

?? Texture & Finish

Lightweight liquid consistency
Smooth and easy-to-blend texture
Natural-looking and even finish
Comfortable feel on skin",https://m.media-amazon.com/images/I/418-0bNNQgL._SL1080_.jpg,"maybelline foundation, maybelline fit me foundation, liquid foundation, matte liquid foundation, fit me foundation, face makeup foundation, lightweight foundation, blendable foundation, natural finish foundation, daily use foundation, warm nude foundation, foundation 18ml, makeup base foundation, smooth texture foundation, even finish foundation, face base makeup, liquid face foundation, cosmetic foundation, long lasting foundation, light coverage foundation",220 Natural Beige,18 ml,,N,Y,N,N,B07L419N74,B07L419N74-1,,https://m.media-amazon.com/images/I/61MbQKNbnyL._SL1080_.jpg,https://m.media-amazon.com/images/I/616KWKlykiL._SL1000_.jpg,
Matte Liquid Foundation,,Maybelline New York Fit Me Matte Liquid Foundation Shade 230 Natural Buff 18 ml,Maybelline,Yichang Tianmei International Cosmetics,,1 pieces,16990,26990,10,12,"Maybelline New York Fit Me Matte Liquid Foundation Shade 230 Natural Buff 18 ml

Liquid Foundation | Matte Finish | Smooth Blendable Makeup

Maybelline New York Fit Me Matte Liquid Foundation is designed for everyday makeup routines. The lightweight liquid formula blends easily into the skin and helps create an even-looking makeup base. It is suitable for regular use and fits well into daily makeup routines.

The foundation has a smooth and fluid texture that spreads evenly during application. Its blendable consistency allows easy use with a brush, sponge, or fingertips, making it convenient for both quick and detailed makeup looks. The finish appears natural and comfortable on the skin without feeling heavy.

The compact 18 ml bottle is easy to handle and store. Its travel-friendly size makes it convenient to carry in a makeup pouch or handbag for on-the-go use.

? Key Features

Liquid foundation for everyday makeup
Matte finish appearance
Smooth and blendable texture
Lightweight liquid formula
Easy application with brush, sponge, or fingers
Shade 230 Natural Buff 18 ml bottle

?? Texture & Finish

Lightweight liquid consistency
Smooth and easy-to-blend texture
Natural-looking and even finish
Comfortable feel on skin",https://m.media-amazon.com/images/I/41OUDlgEgnL._SL1080_.jpg,"maybelline foundation, maybelline fit me foundation, liquid foundation, matte liquid foundation, fit me foundation, face makeup foundation, lightweight foundation, blendable foundation, natural finish foundation, daily use foundation, warm nude foundation, foundation 18ml, makeup base foundation, smooth texture foundation, even finish foundation, face base makeup, liquid face foundation, cosmetic foundation, long lasting foundation, light coverage foundation",230 Natural Buff,18 ml,,N,Y,N,N,B07L3R68FM,B07L3R68FM-1,,https://m.media-amazon.com/images/I/61MbQKNbnyL._SL1080_.jpg,,
Matte Liquid Foundation,,Maybelline New York Fit Me Matte Liquid Foundation Shade 310 Sun Beige 18 ml,Maybelline,Yichang Tianmei International Cosmetics,,1 pieces,16990,26990,10,12,"Maybelline New York Fit Me Matte Liquid Foundation Shade 310 Sun Beige 18 ml

Liquid Foundation | Matte Finish | Smooth Blendable Makeup

Maybelline New York Fit Me Matte Liquid Foundation is designed for everyday makeup routines. The lightweight liquid formula blends easily into the skin and helps create an even-looking makeup base. It is suitable for regular use and fits well into daily makeup routines.

The foundation has a smooth and fluid texture that spreads evenly during application. Its blendable consistency allows easy use with a brush, sponge, or fingertips, making it convenient for both quick and detailed makeup looks. The finish appears natural and comfortable on the skin without feeling heavy.

The compact 18 ml bottle is easy to handle and store. Its travel-friendly size makes it convenient to carry in a makeup pouch or handbag for on-the-go use.

? Key Features

Liquid foundation for everyday makeup
Matte finish appearance
Smooth and blendable texture
Lightweight liquid formula
Easy application with brush, sponge, or fingers
Shade 310 Sun Beige 18 ml bottle

?? Texture & Finish

Lightweight liquid consistency
Smooth and easy-to-blend texture
Natural-looking and even finish
Comfortable feel on skin",https://m.media-amazon.com/images/I/41-CQJJY7oL._SL1080_.jpg,"maybelline foundation, maybelline fit me foundation, liquid foundation, matte liquid foundation, fit me foundation, face makeup foundation, lightweight foundation, blendable foundation, natural finish foundation, daily use foundation, warm nude foundation, foundation 18ml, makeup base foundation, smooth texture foundation, even finish foundation, face base makeup, liquid face foundation, cosmetic foundation, long lasting foundation, light coverage foundation",310 Sun Beige,18 ml,,N,Y,N,N,B07L3PBX8W,B07L3PBX8W-1,,https://m.media-amazon.com/images/I/61MbQKNbnyL._SL1080_.jpg,,
Matte Liquid Foundation,,Maybelline New York Fit Me Matte Liquid Foundation Shade 330 Toffee 18 ml,Maybelline,Yichang Tianmei International Cosmetics,,1 pieces,16990,26990,10,12,"Maybelline New York Fit Me Matte Liquid Foundation Shade 330 Toffee 18 ml

Liquid Foundation | Matte Finish | Smooth Blendable Makeup

Maybelline New York Fit Me Matte Liquid Foundation is designed for everyday makeup routines. The lightweight liquid formula blends easily into the skin and helps create an even-looking makeup base. It is suitable for regular use and fits well into daily makeup routines.

The foundation has a smooth and fluid texture that spreads evenly during application. Its blendable consistency allows easy use with a brush, sponge, or fingertips, making it convenient for both quick and detailed makeup looks. The finish appears natural and comfortable on the skin without feeling heavy.

The compact 18 ml bottle is easy to handle and store. Its travel-friendly size makes it convenient to carry in a makeup pouch or handbag for on-the-go use.

? Key Features

Liquid foundation for everyday makeup
Matte finish appearance
Smooth and blendable texture
Lightweight liquid formula
Easy application with brush, sponge, or fingers
Shade 330 Toffee 18 ml bottle

?? Texture & Finish

Lightweight liquid consistency
Smooth and easy-to-blend texture
Natural-looking and even finish
Comfortable feel on skin",https://m.media-amazon.com/images/I/41bqWoCfY9L._SL1080_.jpg,"maybelline foundation, maybelline fit me foundation, liquid foundation, matte liquid foundation, fit me foundation, face makeup foundation, lightweight foundation, blendable foundation, natural finish foundation, daily use foundation, warm nude foundation, foundation 18ml, makeup base foundation, smooth texture foundation, even finish foundation, face base makeup, liquid face foundation, cosmetic foundation, long lasting foundation, light coverage foundation",330 Toffee,18 ml,,N,Y,N,N,B07PRRBX8J,B07PRRBX8J-1,,https://m.media-amazon.com/images/I/61MbQKNbnyL._SL1080_.jpg,,
Matte Finish With SPF,,Maybelline New York Fit Me Matte Liquid Foundation Shade 115 Ivory 30 ml,Maybelline,Yichang Tianmei International Cosmetics,,1 pieces,22590,37780,10,12,"""Maybelline New York Fit Me Matte Liquid Foundation Shade 115 Ivory 30 ml

Liquid Foundation | Matte Finish | Smooth Blendable Makeup

Maybelline New York Fit Me Matte Liquid Foundation is designed for everyday makeup routines. The lightweight liquid formula blends easily into the skin and helps create an even-looking makeup base. It is suitable for regular use and fits well into daily makeup routines.

The foundation has a smooth and fluid texture that spreads evenly during application. Its blendable consistency allows easy use with a brush, sponge, or fingertips, making it convenient for both quick and detailed makeup looks. The finish appears natural and comfortable on the skin without feeling heavy.

The 30 ml bottle is suitable for regular use and easy to handle. It can be conveniently stored or carried for everyday makeup needs.

Key Features

Liquid foundation for everyday makeup
Matte finish appearance
Smooth and blendable texture
Lightweight liquid formula
Easy application with brush, sponge, or fingers
Shade 115 Ivory 30 ml bottle

Texture & Finish

Lightweight liquid consistency
Smooth and easy-to-blend texture
Natural-looking and even finish
Comfortable feel on skin""
",https://m.media-amazon.com/images/I/61JTG53HldL._SL1500_.jpg,"ivory foundation, shade 115 foundation, maybelline foundation, maybelline fit me foundation, fit me liquid foundation, liquid foundation, matte liquid foundation, face makeup foundation, lightweight foundation, blendable foundation, natural finish foundation, daily use foundation, foundation 30ml, makeup base foundation, smooth texture foundation, even finish foundation, liquid face foundation, cosmetic foundation, normal skin foundation, all skin type foundation",115 Ivory,35ml,,N,Y,N,N,B087XGB1VJ,B087XGB1VJ-1,,https://m.media-amazon.com/images/I/81hd01z6NsL._SL1500_.jpg,https://m.media-amazon.com/images/I/81WhPUEQ1-L._SL1500_.jpg,
Matte Finish With SPF,,Maybelline New York Fit Me Matte Liquid Foundation Shade 118 Light Beige 30 ml,Maybelline,Yichang Tianmei International Cosmetics,,1 pieces,22590,37780,10,12,"Maybelline New York Fit Me Matte Liquid Foundation Shade 118 Light Beige 30 ml

Liquid Foundation | Matte Finish | Smooth Blendable Makeup

Maybelline New York Fit Me Matte Liquid Foundation is designed for everyday makeup routines. The lightweight liquid formula blends easily into the skin and helps create an even-looking makeup base. It is suitable for regular use and fits well into daily makeup routines.

The foundation has a smooth and fluid texture that spreads evenly during application. Its blendable consistency allows easy use with a brush, sponge, or fingertips, making it convenient for both quick and detailed makeup looks. The finish appears natural and comfortable on the skin without feeling heavy.

The 30 ml bottle is suitable for regular use and easy to handle. It can be conveniently stored or carried for everyday makeup needs.

? Key Features

Liquid foundation for everyday makeup
Matte finish appearance
Smooth and blendable texture
Lightweight liquid formula
Easy application with brush, sponge, or fingers
Shade 118 Light Beige 30 ml bottle

?? Texture & Finish

Lightweight liquid consistency
Smooth and easy-to-blend texture
Natural-looking and even finish
Comfortable feel on skin",https://m.media-amazon.com/images/I/61+Dn-MT6CL._SL1500_.jpg,"maybelline foundation, fit me foundation, liquid foundation, matte foundation, face makeup foundation, light beige foundation, shade 118 foundation, foundation 30ml, lightweight foundation, daily use foundation",118 Light Beige,35ml,,N,Y,N,N,B087XG5DRQ,B087XG5DRQ-1,,https://m.media-amazon.com/images/I/81hd01z6NsL._SL1500_.jpg,https://m.media-amazon.com/images/I/81hwscRnS8L._SL1500_.jpg,
Matte Finish With SPF,,Maybelline New York Fit Me Matte Liquid Foundation Shade 120 Classic Ivory 30 ml,Maybelline,Yichang Tianmei International Cosmetics,,1 pieces,22590,37780,10,12,"Maybelline New York Fit Me Matte Liquid Foundation Shade 120 Classic Ivory 30 ml

Liquid Foundation | Matte Finish | Smooth Blendable Makeup

Maybelline New York Fit Me Matte Liquid Foundation is designed for everyday makeup routines. The lightweight liquid formula blends easily into the skin and helps create an even-looking makeup base. It is suitable for regular use and fits well into daily makeup routines.

The foundation has a smooth and fluid texture that spreads evenly during application. Its blendable consistency allows easy use with a brush, sponge, or fingertips, making it convenient for both quick and detailed makeup looks. The finish appears natural and comfortable on the skin without feeling heavy.

The 30 ml bottle is suitable for regular use and easy to handle. It can be conveniently stored or carried for everyday makeup needs.

? Key Features

Liquid foundation for everyday makeup
Matte finish appearance
Smooth and blendable texture
Lightweight liquid formula
Easy application with brush, sponge, or fingers
Shade 120 Classic Ivory 30 ml bottle

?? Texture & Finish

Lightweight liquid consistency
Smooth and easy-to-blend texture
Natural-looking and even finish
Comfortable feel on skin",https://m.media-amazon.com/images/I/41NtevgF4+L._SL1200_.jpg,"maybelline foundation, fit me foundation, liquid foundation, matte foundation, face makeup foundation, classic ivory foundation, shade 120 foundation, foundation 30ml, lightweight foundation, daily use foundation", 120 Classic Ivory ,35ml,,N,Y,N,N,B087XG6WWX,B087XG6WWX-1,,https://m.media-amazon.com/images/I/81hd01z6NsL._SL1500_.jpg,https://m.media-amazon.com/images/I/71mz30bBuNL._SL1200_.jpg,
Matte Finish With SPF,,Maybelline New York Fit Me Matte Liquid Foundation Shade 123 Soft Nude 30 ml,Maybelline,Yichang Tianmei International Cosmetics,,1 pieces,22590,37780,10,12,"Maybelline New York Fit Me Matte Liquid Foundation Shade 123 Soft Nude 30 ml

Liquid Foundation | Matte Finish | Smooth Blendable Makeup

Maybelline New York Fit Me Matte Liquid Foundation is designed for everyday makeup routines. The lightweight liquid formula blends easily into the skin and helps create an even-looking makeup base. It is suitable for regular use and fits well into daily makeup routines.

The foundation has a smooth and fluid texture that spreads evenly during application. Its blendable consistency allows easy use with a brush, sponge, or fingertips, making it convenient for both quick and detailed makeup looks. The finish appears natural and comfortable on the skin without feeling heavy.

The 30 ml bottle is suitable for regular use and easy to handle. It can be conveniently stored or carried for everyday makeup needs.

? Key Features

Liquid foundation for everyday makeup
Matte finish appearance
Smooth and blendable texture
Lightweight liquid formula
Easy application with brush, sponge, or fingers
Shade 123 Soft Nude 30 ml bottle

?? Texture & Finish

Lightweight liquid consistency
Smooth and easy-to-blend texture
Natural-looking and even finish
Comfortable feel on skin",https://m.media-amazon.com/images/I/617hV0kMu0L._SL1500_.jpg,"maybelline foundation, fit me foundation, liquid foundation, matte foundation, face makeup foundation, soft nude foundation, shade 123 foundation, foundation 30ml, lightweight foundation, daily use foundation",123 Soft Nude,35ml,,N,Y,N,N,B0BRKC76NV,B0BRKC76NV-1,,https://m.media-amazon.com/images/I/81hd01z6NsL._SL1500_.jpg,https://m.media-amazon.com/images/I/81-V+NzLD1L._SL1500_.jpg,
Matte Finish With SPF,,Maybelline New York Fit Me Matte Liquid Foundation Shade 125 Nude Beige 30 ml,Maybelline,Yichang Tianmei International Cosmetics,,1 pieces,22590,37780,10,12,"Maybelline New York Fit Me Matte Liquid Foundation Shade 125 Nude Beige 30 ml

Liquid Foundation | Matte Finish | Smooth Blendable Makeup

Maybelline New York Fit Me Matte Liquid Foundation is designed for everyday makeup routines. The lightweight liquid formula blends easily into the skin and helps create an even-looking makeup base. It is suitable for regular use and fits well into daily makeup routines.

The foundation has a smooth and fluid texture that spreads evenly during application. Its blendable consistency allows easy use with a brush, sponge, or fingertips, making it convenient for both quick and detailed makeup looks. The finish appears natural and comfortable on the skin without feeling heavy.

The 30 ml bottle is suitable for regular use and easy to handle. It can be conveniently stored or carried for everyday makeup needs.

? Key Features

Liquid foundation for everyday makeup
Matte finish appearance
Smooth and blendable texture
Lightweight liquid formula
Easy application with brush, sponge, or fingers
Shade 125 Nude Beige 30 ml bottle

?? Texture & Finish

Lightweight liquid consistency
Smooth and easy-to-blend texture
Natural-looking and even finish
Comfortable feel on skin",https://m.media-amazon.com/images/I/610SxHDNxSL._SL1500_.jpg,"maybelline foundation, fit me foundation, liquid foundation, matte foundation, face makeup foundation, nude beige foundation, shade 125 foundation, foundation 30ml, lightweight foundation, daily use foundation",125 Nude Beige,35ml,,N,Y,N,N,B087XH8QGC,B087XH8QGC-1,,https://m.media-amazon.com/images/I/81hd01z6NsL._SL1500_.jpg,https://m.media-amazon.com/images/I/81qQ3uMm3-L._SL1500_.jpg,
Matte Finish With SPF,,Maybelline New York Fit Me Matte Liquid Foundation Shade 126 Light Pecan 30 ml,Maybelline,Yichang Tianmei International Cosmetics,,1 pieces,22590,37780,10,12,"Maybelline New York Fit Me Matte Liquid Foundation Shade 126 Light Pecan 30 ml

Liquid Foundation | Matte Finish | Smooth Blendable Makeup

Maybelline New York Fit Me Matte Liquid Foundation is designed for everyday makeup routines. The lightweight liquid formula blends easily into the skin and helps create an even-looking makeup base. It is suitable for regular use and fits well into daily makeup routines.

The foundation has a smooth and fluid texture that spreads evenly during application. Its blendable consistency allows easy use with a brush, sponge, or fingertips, making it convenient for both quick and detailed makeup looks. The finish appears natural and comfortable on the skin without feeling heavy.

The 30 ml bottle is suitable for regular use and easy to handle. It can be conveniently stored or carried for everyday makeup needs.

? Key Features

Liquid foundation for everyday makeup
Matte finish appearance
Smooth and blendable texture
Lightweight liquid formula
Easy application with brush, sponge, or fingers
Shade 126 Light Pecan 30 ml bottle

?? Texture & Finish

Lightweight liquid consistency
Smooth and easy-to-blend texture
Natural-looking and even finish
Comfortable feel on skin",https://m.media-amazon.com/images/I/61WorBAMPrL._SL1500_.jpg,"maybelline foundation, fit me foundation, liquid foundation, matte foundation, face makeup foundation, golden honey foundation, shade 126 foundation, foundation 30ml, lightweight foundation, daily use foundation",126 Light Pecan,35ml,,N,Y,N,N,B0BRKCSZH3,B0BRKCSZH3-1,,https://m.media-amazon.com/images/I/81hd01z6NsL._SL1500_.jpg,https://m.media-amazon.com/images/I/819bx3UG2JL._SL1500_.jpg,
Matte Finish With SPF,,Maybelline New York Fit Me Matte Liquid Foundation Shade 127 Golden Honey 30 ml,Maybelline,Yichang Tianmei International Cosmetics,,1 pieces,22590,37780,10,12,"Maybelline New York Fit Me Matte Liquid Foundation Shade 127 Golden Honey 30 ml

Liquid Foundation | Matte Finish | Smooth Blendable Makeup

Maybelline New York Fit Me Matte Liquid Foundation is designed for everyday makeup routines. The lightweight liquid formula blends easily into the skin and helps create an even-looking makeup base. It is suitable for regular use and fits well into daily makeup routines.

The foundation has a smooth and fluid texture that spreads evenly during application. Its blendable consistency allows easy use with a brush, sponge, or fingertips, making it convenient for both quick and detailed makeup looks. The finish appears natural and comfortable on the skin without feeling heavy.

The 30 ml bottle is suitable for regular use and easy to handle. It can be conveniently stored or carried for everyday makeup needs.

? Key Features

Liquid foundation for everyday makeup
Matte finish appearance
Smooth and blendable texture
Lightweight liquid formula
Easy application with brush, sponge, or fingers
Shade 127 Golden Honey 30 ml bottle

?? Texture & Finish

Lightweight liquid consistency
Smooth and easy-to-blend texture
Natural-looking and even finish
Comfortable feel on skin",https://m.media-amazon.com/images/I/61gi-u+-HwL._SL1500_.jpg,"maybelline foundation, fit me foundation, liquid foundation, matte foundation, face makeup foundation, golden honey foundation, shade 127 foundation, foundation 30ml, lightweight foundation, daily use foundation",127 Golden Honey,35ml,,N,Y,N,N,B0BRKC8L44,B0BRKC8L44-1,,https://m.media-amazon.com/images/I/81hd01z6NsL._SL1500_.jpg,https://m.media-amazon.com/images/I/81d8Q4rOabL._SL1500_.jpg,
Matte Finish With SPF,,Maybelline New York Fit Me Matte Liquid Foundation Shade 128 Warm Nude 30 ml,Maybelline,Yichang Tianmei International Cosmetics,,1 pieces,22590,37780,10,12,"Maybelline New York Fit Me Matte Liquid Foundation Shade 128 Warm Nude 30 ml

Liquid Foundation | Matte Finish | Smooth Blendable Makeup

Maybelline New York Fit Me Matte Liquid Foundation is designed for everyday makeup routines. The lightweight liquid formula blends easily into the skin and helps create an even-looking makeup base. It is suitable for regular use and fits well into daily makeup routines.

The foundation has a smooth and fluid texture that spreads evenly during application. Its blendable consistency allows easy use with a brush, sponge, or fingertips, making it convenient for both quick and detailed makeup looks. The finish appears natural and comfortable on the skin without feeling heavy.

The 30 ml bottle is suitable for regular use and easy to handle. It can be conveniently stored or carried for everyday makeup needs.

? Key Features

Liquid foundation for everyday makeup
Matte finish appearance
Smooth and blendable texture
Lightweight liquid formula
Easy application with brush, sponge, or fingers
Shade 128 Warm Nude 30 ml bottle

?? Texture & Finish

Lightweight liquid consistency
Smooth and easy-to-blend texture
Natural-looking and even finish
Comfortable feel on skin",https://m.media-amazon.com/images/I/61zh5b1GQjL._SL1500_.jpg,"maybelline foundation, fit me foundation, liquid foundation, matte foundation, face makeup foundation, warm nude foundation, shade 128 foundation, foundation 30ml, lightweight foundation, daily use foundation",128 Warm Nude,35ml,,N,Y,N,N,B087XFYCDQ,B087XFYCDQ-1,,https://m.media-amazon.com/images/I/81hd01z6NsL._SL1500_.jpg,https://m.media-amazon.com/images/I/81RrHWyrPJL._SL1500_.jpg,
Matte Finish With SPF,,Maybelline New York Fit Me Matte Liquid Foundation Shade 137 Golden Tan 30 ml,Maybelline,Yichang Tianmei International Cosmetics,,1 pieces,29590,37780,10,12,"Maybelline New York Fit Me Matte Liquid Foundation Shade 137 Golden Tan 30 ml

Liquid Foundation | Matte Finish | Smooth Blendable Makeup

Maybelline New York Fit Me Matte Liquid Foundation is designed for everyday makeup routines. The lightweight liquid formula blends easily into the skin and helps create an even-looking makeup base. It is suitable for regular use and fits well into daily makeup routines.

The foundation has a smooth and fluid texture that spreads evenly during application. Its blendable consistency allows easy use with a brush, sponge, or fingertips, making it convenient for both quick and detailed makeup looks. The finish appears natural and comfortable on the skin without feeling heavy.

The 30 ml bottle is suitable for regular use and easy to handle. It can be conveniently stored or carried for everyday makeup needs.

? Key Features

Liquid foundation for everyday makeup
Matte finish appearance
Smooth and blendable texture
Lightweight liquid formula
Easy application with brush, sponge, or fingers
Shade 137 Golden Tan 30 ml bottle

?? Texture & Finish

Lightweight liquid consistency
Smooth and easy-to-blend texture
Natural-looking and even finish
Comfortable feel on skin",https://m.media-amazon.com/images/I/61IcgfZadvL._SL1500_.jpg,"maybelline foundation, fit me foundation, liquid foundation, matte foundation, face makeup foundation, golden tan foundation, shade 137 foundation, foundation 30ml, lightweight foundation, daily use foundation",137 Golden Tan ,35ml,,N,Y,N,N,B0BRKCYG46,B0BRKCYG46-1,,https://m.media-amazon.com/images/I/81hd01z6NsL._SL1500_.jpg,https://m.media-amazon.com/images/I/815E3eE-x9L._SL1500_.jpg,
Matte Finish With SPF,,Maybelline New York Fit Me Matte Liquid Foundation Shade 220 Natural Beige 30 ml,Maybelline,Yichang Tianmei International Cosmetics,,1 pieces,22590,37780,10,12,"Maybelline New York Fit Me Matte Liquid Foundation Shade 220 Natural Beige 30 ml

Liquid Foundation | Matte Finish | Smooth Blendable Makeup

Maybelline New York Fit Me Matte Liquid Foundation is designed for everyday makeup routines. The lightweight liquid formula blends easily into the skin and helps create an even-looking makeup base. It is suitable for regular use and fits well into daily makeup routines.

The foundation has a smooth and fluid texture that spreads evenly during application. Its blendable consistency allows easy use with a brush, sponge, or fingertips, making it convenient for both quick and detailed makeup looks. The finish appears natural and comfortable on the skin without feeling heavy.

The 30 ml bottle is suitable for regular use and easy to handle. It can be conveniently stored or carried for everyday makeup needs.

? Key Features

Liquid foundation for everyday makeup
Matte finish appearance
Smooth and blendable texture
Lightweight liquid formula
Easy application with brush, sponge, or fingers
Shade 220 Natural Beige 30 ml bottle

?? Texture & Finish

Lightweight liquid consistency
Smooth and easy-to-blend texture
Natural-looking and even finish
Comfortable feel on skin",https://m.media-amazon.com/images/I/61xLcyDCyxL._SL1500_.jpg,"maybelline foundation, fit me foundation, liquid foundation, matte foundation, face makeup foundation, natural beige foundation, shade 220 foundation, foundation 30ml, lightweight foundation, daily use foundation",220 Natural Beige,35ml,,N,Y,N,N,B087XG6B65,B087XG6B65-1,,https://m.media-amazon.com/images/I/81hd01z6NsL._SL1500_.jpg,https://m.media-amazon.com/images/I/81kPVF8a0qL._SL1500_.jpg,
Matte Finish With SPF,,Maybelline New York Fit Me Matte Liquid Foundation Shade 228 Soft Tan 30 ml,Maybelline,Yichang Tianmei International Cosmetics,,1 pieces,22590,37780,10,12,"Maybelline New York Fit Me Matte Liquid Foundation Shade 228 Soft Tan 30 ml

Liquid Foundation | Matte Finish | Smooth Blendable Makeup

Maybelline New York Fit Me Matte Liquid Foundation is designed for everyday makeup routines. The lightweight liquid formula blends easily into the skin and helps create an even-looking makeup base. It is suitable for regular use and fits well into daily makeup routines.

The foundation has a smooth and fluid texture that spreads evenly during application. Its blendable consistency allows easy use with a brush, sponge, or fingertips, making it convenient for both quick and detailed makeup looks. The finish appears natural and comfortable on the skin without feeling heavy.

The 30 ml bottle is suitable for regular use and easy to handle. It can be conveniently stored or carried for everyday makeup needs.

? Key Features

Liquid foundation for everyday makeup
Matte finish appearance
Smooth and blendable texture
Lightweight liquid formula
Easy application with brush, sponge, or fingers
Shade 228 Soft Tan 30 ml bottle

?? Texture & Finish

Lightweight liquid consistency
Smooth and easy-to-blend texture
Natural-looking and even finish
Comfortable feel on skin",https://m.media-amazon.com/images/I/61NUcm7mNOL._SL1500_.jpg,"maybelline foundation, fit me foundation, liquid foundation, matte foundation, face makeup foundation, soft tan foundation, shade 228 foundation, foundation 30ml, lightweight foundation, daily use foundation",228 Soft Tan,35ml,,N,Y,N,N,B08WB7Q1VV,B08WB7Q1VV-1,,https://m.media-amazon.com/images/I/81hd01z6NsL._SL1500_.jpg,https://m.media-amazon.com/images/I/61NUcm7mNOL._SL1500_.jpg,
Matte Finish With SPF,,Maybelline New York Fit Me Matte Liquid Foundation Shade 230 Natural Buff 30 ml,Maybelline,Yichang Tianmei International Cosmetics,,1 pieces,22590,37780,10,12,"Maybelline New York Fit Me Matte Liquid Foundation Shade 230 Natural Buff 30 ml

Liquid Foundation | Matte Finish | Smooth Blendable Makeup

Maybelline New York Fit Me Matte Liquid Foundation is designed for everyday makeup routines. The lightweight liquid formula blends easily into the skin and helps create an even-looking makeup base. It is suitable for regular use and fits well into daily makeup routines.

The foundation has a smooth and fluid texture that spreads evenly during application. Its blendable consistency allows easy use with a brush, sponge, or fingertips, making it convenient for both quick and detailed makeup looks. The finish appears natural and comfortable on the skin without feeling heavy.

The 30 ml bottle is suitable for regular use and easy to handle. It can be conveniently stored or carried for everyday makeup needs.

? Key Features

Liquid foundation for everyday makeup
Matte finish appearance
Smooth and blendable texture
Lightweight liquid formula
Easy application with brush, sponge, or fingers
Shade 230 Natural Buff 30 ml bottle

?? Texture & Finish

Lightweight liquid consistency
Smooth and easy-to-blend texture
Natural-looking and even finish
Comfortable feel on skin",https://m.media-amazon.com/images/I/61s1Mke1JAL._SL1500_.jpg,"maybelline foundation, fit me foundation, liquid foundation, matte foundation, face makeup foundation, natural buff foundation, shade 230 foundation, foundation 30ml, lightweight foundation, daily use foundation",230 Natural Buff,35ml,,N,Y,N,N,B087XFY316,B087XFY316-1,,https://m.media-amazon.com/images/I/81hd01z6NsL._SL1500_.jpg,https://m.media-amazon.com/images/I/81T7SMod0pL._SL1500_.jpg,
Matte Finish With SPF,,Maybelline New York Fit Me Matte Liquid Foundation Shade 260 30 ml,Maybelline,Yichang Tianmei International Cosmetics,,1 pieces,22590,37780,10,12,"Maybelline New York Fit Me Matte Liquid Foundation Shade 260 30 ml

Liquid Foundation | Matte Finish | Smooth Blendable Makeup

Maybelline New York Fit Me Matte Liquid Foundation is designed for everyday makeup routines. The lightweight liquid formula blends easily into the skin and helps create an even-looking makeup base. It is suitable for regular use and fits well into daily makeup routines.

The foundation has a smooth and fluid texture that spreads evenly during application. Its blendable consistency allows easy use with a brush, sponge, or fingertips, making it convenient for both quick and detailed makeup looks. The finish appears natural and comfortable on the skin without feeling heavy.

The 30 ml bottle is suitable for regular use and easy to handle. It can be conveniently stored or carried for everyday makeup needs.

? Key Features

Liquid foundation for everyday makeup
Matte finish appearance
Smooth and blendable texture
Lightweight liquid formula
Easy application with brush, sponge, or fingers
Shade 260 30 ml bottle

?? Texture & Finish

Lightweight liquid consistency
Smooth and easy-to-blend texture
Natural-looking and even finish
Comfortable feel on skin",https://m.media-amazon.com/images/I/61c88e63NGL._SL1500_.jpg,"maybelline foundation, fit me foundation, liquid foundation, matte foundation, face makeup foundation, shade 260 foundation, foundation 30ml, lightweight foundation, daily use foundation, makeup base foundation",Shade 260,35ml,,N,Y,N,N,B0DBZL13PD,B0DBZL13PD-1,,https://m.media-amazon.com/images/I/81hd01z6NsL._SL1500_.jpg,https://m.media-amazon.com/images/I/81NLVguHXbL._SL1500_.jpg,
Matte Finish With SPF,,Maybelline New York Fit Me Matte Liquid Foundation Shade 310 Sun Beige 30 ml,Maybelline,Yichang Tianmei International Cosmetics,,1 pieces,22590,37780,10,12,"Maybelline New York Fit Me Matte Liquid Foundation Shade 310 Sun Beige 30 ml

Liquid Foundation | Matte Finish | Smooth Blendable Makeup

Maybelline New York Fit Me Matte Liquid Foundation is designed for everyday makeup routines. The lightweight liquid formula blends easily into the skin and helps create an even-looking makeup base. It is suitable for regular use and fits well into daily makeup routines.

The foundation has a smooth and fluid texture that spreads evenly during application. Its blendable consistency allows easy use with a brush, sponge, or fingertips, making it convenient for both quick and detailed makeup looks. The finish appears natural and comfortable on the skin without feeling heavy.

The 30 ml bottle is suitable for regular use and easy to handle. It can be conveniently stored or carried for everyday makeup needs.

? Key Features

Liquid foundation for everyday makeup
Matte finish appearance
Smooth and blendable texture
Lightweight liquid formula
Easy application with brush, sponge, or fingers
Shade 310 Sun Beige 30 ml bottle

?? Texture & Finish

Lightweight liquid consistency
Smooth and easy-to-blend texture
Natural-looking and even finish
Comfortable feel on skin",https://m.media-amazon.com/images/I/61a7nrPiilL._SL1500_.jpg,"maybelline foundation, fit me foundation, liquid foundation, matte foundation, face makeup foundation, sun beige foundation, shade 310 foundation, foundation 30ml, lightweight foundation, daily use foundation",310 Sun Beige,35ml,,N,Y,N,N,B08Z4R1CBN,B08Z4R1CBN-1,,https://m.media-amazon.com/images/I/81hd01z6NsL._SL1500_.jpg,https://m.media-amazon.com/images/I/81Acumdgl+L._SL1500_.jpg,
Matte Finish With SPF,,Maybelline New York Fit Me Matte Liquid Foundation Shade 312 Golden 30 ml,Maybelline,Yichang Tianmei International Cosmetics,,1 pieces,22590,37780,10,12,"Maybelline New York Fit Me Matte Liquid Foundation Shade 312 Golden 30 ml

Liquid Foundation | Matte Finish | Smooth Blendable Makeup

Maybelline New York Fit Me Matte Liquid Foundation is designed for everyday makeup routines. The lightweight liquid formula blends easily into the skin and helps create an even-looking makeup base. It is suitable for regular use and fits well into daily makeup routines.

The foundation has a smooth and fluid texture that spreads evenly during application. Its blendable consistency allows easy use with a brush, sponge, or fingertips, making it convenient for both quick and detailed makeup looks. The finish appears natural and comfortable on the skin without feeling heavy.

The 30 ml bottle is suitable for regular use and easy to handle. It can be conveniently stored or carried for everyday makeup needs.

? Key Features

Liquid foundation for everyday makeup
Matte finish appearance
Smooth and blendable texture
Lightweight liquid formula
Easy application with brush, sponge, or fingers
Shade 312 Golden 30 ml bottle

?? Texture & Finish

Lightweight liquid consistency
Smooth and easy-to-blend texture
Natural-looking and even finish
Comfortable feel on skin",https://m.media-amazon.com/images/I/61vCjsVBGGL._SL1500_.jpg,"maybelline foundation, fit me foundation, liquid foundation, matte foundation, face makeup foundation, golden foundation, shade 312 foundation, foundation 30ml, lightweight foundation, daily use foundation",312 Golden,35ml,,N,Y,N,N,B0BRKCMJQF,B0BRKCMJQF-1,,https://m.media-amazon.com/images/I/81hd01z6NsL._SL1500_.jpg,https://m.media-amazon.com/images/I/81bN4-hcnwL._SL1500_.jpg,
Matte Finish With SPF,,Maybelline New York Fit Me Matte Liquid Foundation Shade 326 Warm Tan 30 ml,Maybelline,Yichang Tianmei International Cosmetics,,1 pieces,22590,37780,10,12,"Maybelline New York Fit Me Matte Liquid Foundation Shade 326 Warm Tan 30 ml

Liquid Foundation | Matte Finish | Smooth Blendable Makeup

Maybelline New York Fit Me Matte Liquid Foundation is designed for everyday makeup routines. The lightweight liquid formula blends easily into the skin and helps create an even-looking makeup base. It is suitable for regular use and fits well into daily makeup routines.

The foundation has a smooth and fluid texture that spreads evenly during application. Its blendable consistency allows easy use with a brush, sponge, or fingertips, making it convenient for both quick and detailed makeup looks. The finish appears natural and comfortable on the skin without feeling heavy.

The 30 ml bottle is suitable for regular use and easy to handle. It can be conveniently stored or carried for everyday makeup needs.

? Key Features

Liquid foundation for everyday makeup
Matte finish appearance
Smooth and blendable texture
Lightweight liquid formula
Easy application with brush, sponge, or fingers
Shade 326 Warm Tan 30 ml bottle

?? Texture & Finish

Lightweight liquid consistency
Smooth and easy-to-blend texture
Natural-looking and even finish
Comfortable feel on skin",https://m.media-amazon.com/images/I/61I4sB1bXHL._SL1500_.jpg,"maybelline foundation, fit me foundation, liquid foundation, matte foundation, face makeup foundation, warm tan foundation, shade 326 foundation, foundation 30ml, lightweight foundation, daily use foundation",326 Warm Tan,35ml,,N,Y,N,N,B0BRKCH48H,B0BRKCH48H-1,,https://m.media-amazon.com/images/I/81hd01z6NsL._SL1500_.jpg,https://m.media-amazon.com/images/I/81piwo2jCKL._SL1500_.jpg,
Matte Finish With SPF,,Maybelline New York Fit Me Matte Liquid Foundation Shade 329 30 ml,Maybelline,Yichang Tianmei International Cosmetics,,1 pieces,22590,37780,10,12,"Maybelline New York Fit Me Matte Liquid Foundation Shade 329 30 ml

Liquid Foundation | Matte Finish | Smooth Blendable Makeup

Maybelline New York Fit Me Matte Liquid Foundation is designed for everyday makeup routines. The lightweight liquid formula blends easily into the skin and helps create an even-looking makeup base. It is suitable for regular use and fits well into daily makeup routines.

The foundation has a smooth and fluid texture that spreads evenly during application. Its blendable consistency allows easy use with a brush, sponge, or fingertips, making it convenient for both quick and detailed makeup looks. The finish appears natural and comfortable on the skin without feeling heavy.

The 30 ml bottle is suitable for regular use and easy to handle. It can be conveniently stored or carried for everyday makeup needs.

? Key Features

Liquid foundation for everyday makeup
Matte finish appearance
Smooth and blendable texture
Lightweight liquid formula
Easy application with brush, sponge, or fingers
Shade 329 30 ml bottle

?? Texture & Finish

Lightweight liquid consistency
Smooth and easy-to-blend texture
Natural-looking and even finish
Comfortable feel on skin",https://m.media-amazon.com/images/I/61RlgWbgegL._SL1500_.jpg,"maybelline foundation, fit me foundation, liquid foundation, matte foundation, face makeup foundation, shade 329 foundation, foundation 30ml, lightweight foundation, daily use foundation, makeup base foundation",Shade 329,35ml,,N,Y,N,N,B0DBZKSKZH,B0DBZKSKZH-1,,https://m.media-amazon.com/images/I/81hd01z6NsL._SL1500_.jpg,https://m.media-amazon.com/images/I/81Zjj82D5ML._SL1500_.jpg,
Matte Finish With SPF,,Maybelline New York Fit Me Matte Liquid Foundation Shade 330 Toffee 30 ml,Maybelline,Yichang Tianmei International Cosmetics,,1 pieces,25590,37780,10,12,"Maybelline New York Fit Me Matte Liquid Foundation Shade 330 Toffee 30 ml

Liquid Foundation | Matte Finish | Smooth Blendable Makeup

Maybelline New York Fit Me Matte Liquid Foundation is designed for everyday makeup routines. The lightweight liquid formula blends easily into the skin and helps create an even-looking makeup base. It is suitable for regular use and fits well into daily makeup routines.

The foundation has a smooth and fluid texture that spreads evenly during application. Its blendable consistency allows easy use with a brush, sponge, or fingertips, making it convenient for both quick and detailed makeup looks. The finish appears natural and comfortable on the skin without feeling heavy.

The 30 ml bottle is suitable for regular use and easy to handle. It can be conveniently stored or carried for everyday makeup needs.

? Key Features

Liquid foundation for everyday makeup
Matte finish appearance
Smooth and blendable texture
Lightweight liquid formula
Easy application with brush, sponge, or fingers
Shade 330 Toffee 30 ml bottle

?? Texture & Finish

Lightweight liquid consistency
Smooth and easy-to-blend texture
Natural-looking and even finish
Comfortable feel on skin",https://m.media-amazon.com/images/I/61iBHi5mPbL._SL1500_.jpg,"maybelline foundation, fit me foundation, liquid foundation, matte foundation, face makeup foundation, toffee foundation, shade 330 foundation, foundation 30ml, lightweight foundation, daily use foundation",330 Toffee ,35ml,,N,Y,N,N,B087XG46HK,B087XG46HK-1,,https://m.media-amazon.com/images/I/81hd01z6NsL._SL1500_.jpg,https://m.media-amazon.com/images/I/81KtgSfEj1L._SL1500_.jpg,
Matte Finish With SPF,,Maybelline New York Fit Me Matte Liquid Foundation Shade 332 Golden Caramel 30 ml,Maybelline,Yichang Tianmei International Cosmetics,,1 pieces,23590,37780,10,12,"Maybelline New York Fit Me Matte Liquid Foundation Shade 332 Golden Caramel 30 ml

Liquid Foundation | Matte Finish | Smooth Blendable Makeup

Maybelline New York Fit Me Matte Liquid Foundation is designed for everyday makeup routines. The lightweight liquid formula blends easily into the skin and helps create an even-looking makeup base. It is suitable for regular use and fits well into daily makeup routines.

The foundation has a smooth and fluid texture that spreads evenly during application. Its blendable consistency allows easy use with a brush, sponge, or fingertips, making it convenient for both quick and detailed makeup looks. The finish appears natural and comfortable on the skin without feeling heavy.

The 30 ml bottle is suitable for regular use and easy to handle. It can be conveniently stored or carried for everyday makeup needs.

? Key Features

Liquid foundation for everyday makeup
Matte finish appearance
Smooth and blendable texture
Lightweight liquid formula
Easy application with brush, sponge, or fingers
Shade 332 Golden Caramel 30 ml bottle

?? Texture & Finish

Lightweight liquid consistency
Smooth and easy-to-blend texture
Natural-looking and even finish
Comfortable feel on skin",https://m.media-amazon.com/images/I/6102CBW8gxL._SL1500_.jpg,"maybelline foundation, fit me foundation, liquid foundation, matte foundation, face makeup foundation, golden caramel foundation, shade 332 foundation, foundation 30ml, lightweight foundation, daily use foundation",332 Golden Caramel,35ml,,N,Y,N,N,B0969X61F8,B0969X61F8-1,,https://m.media-amazon.com/images/I/81hd01z6NsL._SL1500_.jpg,https://m.media-amazon.com/images/I/81fsyJJ96ZL._SL1500_.jpg,
Matte Finish With SPF,,Maybelline New York Fit Me Matte Liquid Foundation Shade 339 30 ml,Maybelline,Yichang Tianmei International Cosmetics,,1 pieces,22590,37780,10,12,"Maybelline New York Fit Me Matte Liquid Foundation Shade 339 30 ml

Liquid Foundation | Matte Finish | Smooth Blendable Makeup

Maybelline New York Fit Me Matte Liquid Foundation is designed for everyday makeup routines. The lightweight liquid formula blends easily into the skin and helps create an even-looking makeup base. It is suitable for regular use and fits well into daily makeup routines.

The foundation has a smooth and fluid texture that spreads evenly during application. Its blendable consistency allows easy use with a brush, sponge, or fingertips, making it convenient for both quick and detailed makeup looks. The finish appears natural and comfortable on the skin without feeling heavy.

The 30 ml bottle is suitable for regular use and easy to handle. It can be conveniently stored or carried for everyday makeup needs.

? Key Features

Liquid foundation for everyday makeup
Matte finish appearance
Smooth and blendable texture
Lightweight liquid formula
Easy application with brush, sponge, or fingers
Shade 339 30 ml bottle

?? Texture & Finish

Lightweight liquid consistency
Smooth and easy-to-blend texture
Natural-looking and even finish
Comfortable feel on skin",https://m.media-amazon.com/images/I/61f86fM2auL._SL1500_.jpg,"maybelline foundation, fit me foundation, liquid foundation, matte foundation, face makeup foundation, shade 339 foundation, foundation 30ml, lightweight foundation, daily use foundation, makeup base foundation",Shade 339,35ml,,N,Y,N,N,B0DBZM6SG8,B0DBZM6SG8-1,,https://m.media-amazon.com/images/I/81hd01z6NsL._SL1500_.jpg,https://m.media-amazon.com/images/I/81QJ7CXlYVL._SL1500_.jpg,
Matte Finish With SPF,,Maybelline New York Fit Me Matte Liquid Foundation Shade 340 Cappucino 30 ml,Maybelline,Yichang Tianmei International Cosmetics,,1 pieces,22590,37780,10,12,"Maybelline New York Fit Me Matte Liquid Foundation Shade 340 Cappucino 30 ml

Liquid Foundation | Matte Finish | Smooth Blendable Makeup

Maybelline New York Fit Me Matte Liquid Foundation is designed for everyday makeup routines. The lightweight liquid formula blends easily into the skin and helps create an even-looking makeup base. It is suitable for regular use and fits well into daily makeup routines.

The foundation has a smooth and fluid texture that spreads evenly during application. Its blendable consistency allows easy use with a brush, sponge, or fingertips, making it convenient for both quick and detailed makeup looks. The finish appears natural and comfortable on the skin without feeling heavy.

The 30 ml bottle is suitable for regular use and easy to handle. It can be conveniently stored or carried for everyday makeup needs.

? Key Features

Liquid foundation for everyday makeup
Matte finish appearance
Smooth and blendable texture
Lightweight liquid formula
Easy application with brush, sponge, or fingers
Shade 340 Cappucino 30 ml bottle

?? Texture & Finish

Lightweight liquid consistency
Smooth and easy-to-blend texture
Natural-looking and even finish
Comfortable feel on skin",https://m.media-amazon.com/images/I/61XBTKwxOQL._SL1500_.jpg,"maybelline foundation, fit me foundation, liquid foundation, matte foundation, face makeup foundation, cappucino foundation, shade 340 foundation, foundation 30ml, lightweight foundation, daily use foundation",340 Cappucino,35ml,,N,Y,N,N,B08GQ7TD71,B08GQ7TD71-1,,https://m.media-amazon.com/images/I/81hd01z6NsL._SL1500_.jpg,https://m.media-amazon.com/images/I/81ABZ6LiAcL._SL1500_.jpg,
Fit Me Powder Foundation,,Maybelline New York Fit Me Powder Foundation Shade 128 9 g,Maybelline,Yichang Tianmei International Cosmetics,,1 pieces,21990,35990,10,12,"Maybelline New York Fit Me Powder Foundation Shade 128 9 g

Powder Foundation | Matte Finish | Everyday Makeup

Maybelline New York Fit Me Powder Foundation is designed for everyday makeup routines. The powder formula applies easily on the skin and helps create an even-looking makeup base. Suitable for regular use.

The foundation has a soft and fine texture that spreads evenly during application. It can be applied using a sponge or brush for a smooth and comfortable finish. The compact size makes it easy to carry for touch-ups during the day.

The 9 g compact is convenient for personal use and travel.

? Key Features

Powder foundation for daily makeup
Smooth and easy application
Fine texture for even coverage
Suitable for routine use
Shade 128 9 g compact

?? Texture & Finish

Soft powder texture
Easy to apply and blend
Smooth and even finish
Comfortable feel on skin",https://m.media-amazon.com/images/I/51JnRgiWBdL._SL1000_.jpg,"maybelline powder foundation, fit me powder, compact foundation, face powder foundation, shade 128 foundation, foundation 9g, matte powder foundation, daily use foundation, makeup compact, face makeup powder",Shade 128,,9g,N,Y,N,N,B09NYFK96N,B09NYFK96N-1,,https://m.media-amazon.com/images/I/6152jLd5r2L._SL1300_.jpg,https://m.media-amazon.com/images/I/71paWPOQ4QL._SL1300_.jpg,
Fit Me Powder Foundation,,Maybelline New York Fit Me Powder Foundation Shade 110 9 g,Maybelline,Yichang Tianmei International Cosmetics,,1 pieces,23990,35990,10,12,"Maybelline New York Fit Me Powder Foundation Shade 110 9 g

Powder Foundation | Matte Finish | Everyday Makeup

Maybelline New York Fit Me Powder Foundation is designed for everyday makeup routines. The powder formula applies easily on the skin and helps create an even-looking makeup base. Suitable for regular use.

The foundation has a soft and fine texture that spreads evenly during application. It can be applied using a sponge or brush for a smooth and comfortable finish. The compact size makes it easy to carry for touch-ups during the day.

The 9 g compact is convenient for personal use and travel.

? Key Features

Powder foundation for daily makeup
Smooth and easy application
Fine texture for even coverage
Suitable for routine use
Shade 110 9 g compact

?? Texture & Finish

Soft powder texture
Easy to apply and blend
Smooth and even finish
Comfortable feel on skin",https://m.media-amazon.com/images/I/51nYjQc2olL._SL1020_.jpg,"maybelline powder foundation, fit me powder, compact foundation, face powder foundation, shade 110 foundation, foundation 9g, matte powder foundation, daily use foundation, makeup compact, face makeup powder",Shade 110,,9g,N,Y,N,N,B09HX5PW4Q,B09HX5PW4Q-1,,https://m.media-amazon.com/images/I/6152jLd5r2L._SL1300_.jpg,https://m.media-amazon.com/images/I/51APoM2AbiL._SL1020_.jpg,
Fit Me Powder Foundation,,Maybelline New York Fit Me Powder Foundation Shade 120 9 g,Maybelline,Yichang Tianmei International Cosmetics,,1 pieces,23990,35990,10,12,"Maybelline New York Fit Me Powder Foundation Shade 120 9 g

Powder Foundation | Matte Finish | Everyday Makeup

Maybelline New York Fit Me Powder Foundation is designed for everyday makeup routines. The powder formula applies easily on the skin and helps create an even-looking makeup base. Suitable for regular use.

The foundation has a soft and fine texture that spreads evenly during application. It can be applied using a sponge or brush for a smooth and comfortable finish. The compact size makes it easy to carry for touch-ups during the day.

The 9 g compact is convenient for personal use and travel.

? Key Features

Powder foundation for daily makeup
Smooth and easy application
Fine texture for even coverage
Suitable for routine use
Shade 120 9 g compact

?? Texture & Finish

Soft powder texture
Easy to apply and blend
Smooth and even finish
Comfortable feel on skin",https://m.media-amazon.com/images/I/51n3VtA0nXL._SL1000_.jpg,"maybelline powder foundation, fit me powder, compact foundation, face powder foundation, shade 120 foundation, foundation 9g, matte powder foundation, daily use foundation, makeup compact, face makeup powder",Shade 120,,9g,N,Y,N,N,B09NYG3SFM,B09NYG3SFM-1,,https://m.media-amazon.com/images/I/6152jLd5r2L._SL1300_.jpg,https://m.media-amazon.com/images/I/51APoM2AbiL._SL1020_.jpg,
Fit Me Powder Foundation,,Maybelline New York Fit Me Powder Foundation Shade 230 9 g,Maybelline,Yichang Tianmei International Cosmetics,,1 pieces,23990,35990,10,12,"Maybelline New York Fit Me Powder Foundation Shade 230 9 g

Powder Foundation | Matte Finish | Everyday Makeup

Maybelline New York Fit Me Powder Foundation is designed for everyday makeup routines. The powder formula applies easily on the skin and helps create an even-looking makeup base. Suitable for regular use.

The foundation has a soft and fine texture that spreads evenly during application. It can be applied using a sponge or brush for a smooth and comfortable finish. The compact size makes it easy to carry for touch-ups during the day.

The 9 g compact is convenient for personal use and travel.

? Key Features

Powder foundation for daily makeup
Smooth and easy application
Fine texture for even coverage
Suitable for routine use
Shade 230 9 g compact

?? Texture & Finish

Soft powder texture
Easy to apply and blend
Smooth and even finish
Comfortable feel on skin",https://m.media-amazon.com/images/I/51XHCveT0KL._SL1000_.jpg,"maybelline powder foundation, fit me powder, compact foundation, face powder foundation, shade 230 foundation, foundation 9g, matte powder foundation, daily use foundation, makeup compact, face makeup powder",Shade 230,,9g,N,Y,N,N,B09NYGPXZN,B09NYGPXZN-1,,https://m.media-amazon.com/images/I/6152jLd5r2L._SL1300_.jpg,https://m.media-amazon.com/images/I/51APoM2AbiL._SL1020_.jpg,
Fit Me Powder Foundation,,Maybelline New York Fit Me Powder Foundation Shade 310 9 g,Maybelline,Yichang Tianmei International Cosmetics,,1 pieces,23990,35990,10,12,"Maybelline New York Fit Me Powder Foundation Shade 310 9 g

Powder Foundation | Matte Finish | Everyday Makeup

Maybelline New York Fit Me Powder Foundation is designed for everyday makeup routines. The powder formula applies easily on the skin and helps create an even-looking makeup base. Suitable for regular use.

The foundation has a soft and fine texture that spreads evenly during application. It can be applied using a sponge or brush for a smooth and comfortable finish. The compact size makes it easy to carry for touch-ups during the day.

The 9 g compact is convenient for personal use and travel.

? Key Features

Powder foundation for daily makeup
Smooth and easy application
Fine texture for even coverage
Suitable for routine use
Shade 310 9 g compact

?? Texture & Finish

Soft powder texture
Easy to apply and blend
Smooth and even finish
Comfortable feel on skin",https://m.media-amazon.com/images/I/51M6c8zkfvL._SL1000_.jpg,"maybelline powder foundation, fit me powder, compact foundation, face powder foundation, shade 310 foundation, foundation 9g, matte powder foundation, daily use foundation, makeup compact, face makeup powder",Shade 310,,9g,N,Y,N,N,B09NYFB244,B09NYFB244-1,,https://m.media-amazon.com/images/I/6152jLd5r2L._SL1300_.jpg,https://m.media-amazon.com/images/I/51APoM2AbiL._SL1020_.jpg,
Fit Me Powder Foundation,,Maybelline New York Fit Me Powder Foundation Shade 235 9 g,Maybelline,Yichang Tianmei International Cosmetics,,1 pieces,23990,35990,10,12,"Maybelline New York Fit Me Powder Foundation Shade 235 9 g

Powder Foundation | Matte Finish | Everyday Makeup

Maybelline New York Fit Me Powder Foundation is designed for everyday makeup routines. The powder formula applies easily on the skin and helps create an even-looking makeup base. Suitable for regular use.

The foundation has a soft and fine texture that spreads evenly during application. It can be applied using a sponge or brush for a smooth and comfortable finish. The compact size makes it easy to carry for touch-ups during the day.

The 9 g compact is convenient for personal use and travel.

? Key Features

Powder foundation for daily makeup
Smooth and easy application
Fine texture for even coverage
Suitable for routine use
Shade 235 9 g compact

?? Texture & Finish

Soft powder texture
Easy to apply and blend
Smooth and even finish
Comfortable feel on skin",https://m.media-amazon.com/images/I/51ATJ1TrgLL._SL1000_.jpg,"maybelline powder foundation, fit me powder, compact foundation, face powder foundation, shade 235 foundation, foundation 9g, matte powder foundation, daily use foundation, makeup compact, face makeup powder", Shade 235,,9g,N,Y,N,N,B09NYHX6KH,B09NYHX6KH-1,,https://m.media-amazon.com/images/I/6152jLd5r2L._SL1300_.jpg,https://m.media-amazon.com/images/I/51APoM2AbiL._SL1020_.jpg,
Maybelline New York Primer,,Maybelline New York Fit Me Dewy Smooth Primer Duo Pack 30 g,Maybelline,Yichang Tianmei International Cosmetics,,1 pieces,21500,35990,10,12,"Maybelline New York Fit Me Dewy Smooth Primer Duo Pack 30 g

Face Primer | Smooth Base | Everyday Makeup

Maybelline New York Fit Me Dewy Smooth Primer is designed for everyday makeup routines. The primer applies easily on the skin and helps create a smooth base before applying makeup. Suitable for regular use.

The primer has a soft and smooth texture that spreads evenly across the skin. It feels lightweight and comfortable, making it suitable for daily application as part of a makeup routine.

The duo pack offers convenient usage and is suitable for personal use or storage.

? Key Features

Face primer for daily makeup
Smooth and easy application
Lightweight and comfortable feel
Suitable for routine use
Duo pack total 30 g

?? Texture & Finish

Smooth cream texture
Easy to apply and blend
Soft and even finish
Comfortable feel on skin",https://m.media-amazon.com/images/I/41j1labvOOL._SL1000_.jpg,"maybelline primer, fit me primer, dewy primer, smooth primer, face primer, makeup base primer, primer 30g, duo pack primer, lightweight primer, daily use primer",Dewy + Smooth,,30g,N,Y,N,N,B08T33DQRD,B08T33DQRD-1,,https://m.media-amazon.com/images/I/51Fh0JK55fL._SL1000_.jpg,https://m.media-amazon.com/images/I/61oOkhjPgCL._SL1000_.jpg,
Maybelline New York Primer,,Maybelline New York Fit Me Matte Primer 30 ml,Maybelline,Yichang Tianmei International Cosmetics,,1 pieces,21500,35990,10,12,"Maybelline New York Fit Me Matte Primer 30 ml

Face Primer | Smooth Base | Everyday Makeup

Maybelline New York Fit Me Matte Primer is designed for everyday makeup routines. The primer applies easily on the skin and helps create a smooth base before applying makeup. Suitable for regular use.

The primer has a soft and smooth texture that spreads evenly across the skin. It feels lightweight and comfortable, making it suitable for daily application as part of a makeup routine.

The 30 ml tube is convenient for personal use and easy to carry for home or travel.

? Key Features

Face primer for daily makeup
Smooth and easy application
Lightweight and comfortable feel
Suitable for routine use
30 ml tube size

?? Texture & Finish

Smooth cream texture
Easy to apply and blend
Soft and even finish
Comfortable feel on skin",https://m.media-amazon.com/images/I/41XdDlzgMyL._SL1000_.jpg,"maybelline primer, fit me primer, matte primer, face primer, makeup base primer, primer 30ml, lightweight primer, daily use primer, smooth base primer, makeup primer",Matte + Poreless,,30g,N,Y,N,N,B08T6SS12M,B08T6SS12M-1,,https://m.media-amazon.com/images/I/51PmoraTIPL._SL1000_.jpg,https://m.media-amazon.com/images/I/61kbXuMjs1L._SL1000_.jpg,
Super Stay Flex Powder Foundation,,Maybelline New York Super Stay Powder Foundation Shade 120 9 g,Maybelline,Yichang Tianmei International Cosmetics,,1 pieces,32190,45990,10,12,"Maybelline New York Super Stay Powder Foundation Shade 120 9 g

Powder Foundation | Smooth Finish | Everyday Makeup

Maybelline New York Super Stay Powder Foundation is designed for everyday makeup routines. The powder formula applies easily on the skin and helps create an even-looking makeup base. Suitable for regular use.

The foundation has a soft and fine texture that spreads evenly during application. It can be applied using a sponge or brush for a smooth and comfortable finish. The compact size makes it easy to carry for touch-ups during the day.

The 9 g compact is convenient for personal use and travel.

? Key Features

Powder foundation for daily makeup
Smooth and easy application
Fine texture for even coverage
Suitable for routine use
Shade 120 9 g compact

?? Texture & Finish

Soft powder texture
Easy to apply and blend
Smooth and even finish
Comfortable feel on skin",https://m.media-amazon.com/images/I/713lv+4w0KL._SL1500_.jpg,"maybelline powder foundation, super stay powder, compact foundation, face powder foundation, shade 120 foundation, foundation 9g, makeup compact, daily use foundation, face makeup powder, smooth finish foundation",120,,9g,N,Y,N,N,B0FJ6WYKFX,B0FJ6WYKFX-1,,https://m.media-amazon.com/images/I/61H0G6L+0hL._SL1200_.jpg,https://m.media-amazon.com/images/I/71MwNSRGioL._SL1500_.jpg,
Super Stay Flex Powder Foundation,,Maybelline New York Super Stay Powder Foundation Shade 115 9 g,Maybelline,Yichang Tianmei International Cosmetics,,1 pieces,32190,45990,10,12,"Maybelline New York Super Stay Powder Foundation Shade 115 9 g

Powder Foundation | Smooth Finish | Everyday Makeup

Maybelline New York Super Stay Powder Foundation is designed for everyday makeup routines. The powder formula applies easily on the skin and helps create an even-looking makeup base. Suitable for regular use.

The foundation has a soft and fine texture that spreads evenly during application. It can be applied using a sponge or brush for a smooth and comfortable finish. The compact size makes it easy to carry for touch-ups during the day.

The 9 g compact is convenient for personal use and travel.

? Key Features

Powder foundation for daily makeup
Smooth and easy application
Fine texture for even coverage
Suitable for routine use
Shade 115 9 g compact

?? Texture & Finish

Soft powder texture
Easy to apply and blend
Smooth and even finish
Comfortable feel on skin",https://m.media-amazon.com/images/I/713lv+4w0KL._SL1500_.jpg,"maybelline powder foundation, super stay powder, compact foundation, face powder foundation, shade 115 foundation, foundation 9g, makeup compact, daily use foundation, face makeup powder, smooth finish foundation",115,,9g,N,Y,N,N,B0FJ6X27XB,B0FJ6X27XB-1,,https://m.media-amazon.com/images/I/61H0G6L+0hL._SL1200_.jpg,https://m.media-amazon.com/images/I/712kFyVxjkL._SL1200_.jpg,
Super Stay Flex Powder Foundation,,Maybelline New York Super Stay Powder Foundation Shade 128 9 g,Maybelline,Yichang Tianmei International Cosmetics,,1 pieces,32190,45990,10,12,"Maybelline New York Super Stay Powder Foundation Shade 128 9 g

Powder Foundation | Smooth Finish | Everyday Makeup

Maybelline New York Super Stay Powder Foundation is designed for everyday makeup routines. The powder formula applies easily on the skin and helps create an even-looking makeup base. Suitable for regular use.

The foundation has a soft and fine texture that spreads evenly during application. It can be applied using a sponge or brush for a smooth and comfortable finish. The compact size makes it easy to carry for touch-ups during the day.

The 9 g compact is convenient for personal use and travel.

? Key Features

Powder foundation for daily makeup
Smooth and easy application
Fine texture for even coverage
Suitable for routine use
Shade 128 9 g compact

?? Texture & Finish

Soft powder texture
Easy to apply and blend
Smooth and even finish
Comfortable feel on skin",https://m.media-amazon.com/images/I/713lv+4w0KL._SL1500_.jpg,"maybelline powder foundation, super stay powder, compact foundation, face powder foundation, shade 128 foundation, foundation 9g, makeup compact, daily use foundation, face makeup powder, smooth finish foundation",128,,9g,N,Y,N,N,B0FJ6WTVMV,B0FJ6WTVMV-1,,https://m.media-amazon.com/images/I/71vPgG4gwrL._SL1200_.jpg,https://m.media-amazon.com/images/I/612XXzyHxsL._SL1200_.jpg,
Super Stay Flex Powder Foundation,,Maybelline New York Super Stay Powder Foundation Shade 220 9 g,Maybelline,Yichang Tianmei International Cosmetics,,1 pieces,32190,45990,10,12,"Maybelline New York Super Stay Powder Foundation Shade 220 9 g

Powder Foundation | Smooth Finish | Everyday Makeup

Maybelline New York Super Stay Powder Foundation is designed for everyday makeup routines. The powder formula applies easily on the skin and helps create an even-looking makeup base. Suitable for regular use.

The foundation has a soft and fine texture that spreads evenly during application. It can be applied using a sponge or brush for a smooth and comfortable finish. The compact size makes it easy to carry for touch-ups during the day.

The 9 g compact is convenient for personal use and travel.

? Key Features

Powder foundation for daily makeup
Smooth and easy application
Fine texture for even coverage
Suitable for routine use
Shade 220 9 g compact

?? Texture & Finish

Soft powder texture
Easy to apply and blend
Smooth and even finish
Comfortable feel on skin",https://m.media-amazon.com/images/I/713lv+4w0KL._SL1500_.jpg,"maybelline powder foundation, super stay powder, compact foundation, face powder foundation, shade 220 foundation, foundation 9g, makeup compact, daily use foundation, face makeup powder, smooth finish foundation",220,,9g,N,Y,N,N,B0FJ6Y29RZ,B0FJ6Y29RZ-1,,https://m.media-amazon.com/images/I/61H0G6L+0hL._SL1200_.jpg,https://m.media-amazon.com/images/I/71eHhZQKF8L._SL1200_.jpg,
Super Stay Flex Powder Foundation,,Maybelline New York Super Stay Powder Foundation Shade 228 9 g,Maybelline,Yichang Tianmei International Cosmetics,,1 pieces,32190,45990,10,12,"Maybelline New York Super Stay Powder Foundation Shade 228 9 g

Powder Foundation | Smooth Finish | Everyday Makeup

Maybelline New York Super Stay Powder Foundation is designed for everyday makeup routines. The powder formula applies easily on the skin and helps create an even-looking makeup base. Suitable for regular use.

The foundation has a soft and fine texture that spreads evenly during application. It can be applied using a sponge or brush for a smooth and comfortable finish. The compact size makes it easy to carry for touch-ups during the day.

The 9 g compact is convenient for personal use and travel.

? Key Features

Powder foundation for daily makeup
Smooth and easy application
Fine texture for even coverage
Suitable for routine use
Shade 228 9 g compact

?? Texture & Finish

Soft powder texture
Easy to apply and blend
Smooth and even finish
Comfortable feel on skin",https://m.media-amazon.com/images/I/713lv+4w0KL._SL1500_.jpg,"maybelline powder foundation, super stay powder, compact foundation, face powder foundation, shade 228 foundation, foundation 9g, makeup compact, daily use foundation, face makeup powder, smooth finish foundation",228,,9g,N,Y,N,N,B0FJ6XGPM4,B0FJ6XGPM4-1,,https://m.media-amazon.com/images/I/61H0G6L+0hL._SL1200_.jpg,https://m.media-amazon.com/images/I/71eHhZQKF8L._SL1200_.jpg,
Super Stay Flex Powder Foundation,,Maybelline New York Super Stay Powder Foundation Shade 110 9 g,Maybelline,Yichang Tianmei International Cosmetics,,1 pieces,32190,45990,10,12,"Maybelline New York Super Stay Powder Foundation Shade 110 9 g

Powder Foundation | Smooth Finish | Everyday Makeup

Maybelline New York Super Stay Powder Foundation is designed for everyday makeup routines. The powder formula applies easily on the skin and helps create an even-looking makeup base. Suitable for regular use.

The foundation has a soft and fine texture that spreads evenly during application. It can be applied using a sponge or brush for a smooth and comfortable finish. The compact size makes it easy to carry for touch-ups during the day.

The 9 g compact is convenient for personal use and travel.

? Key Features

Powder foundation for daily makeup
Smooth and easy application
Fine texture for even coverage
Suitable for routine use
Shade 110 9 g compact

?? Texture & Finish

Soft powder texture
Easy to apply and blend
Smooth and even finish
Comfortable feel on skin",https://m.media-amazon.com/images/I/713lv+4w0KL._SL1500_.jpg,"maybelline powder foundation, super stay powder, compact foundation, face powder foundation, shade 110 foundation, foundation 9g, makeup compact, daily use foundation, face makeup powder, smooth finish foundation",110,,9g,N,Y,N,N,B0FJ6Y27M7,B0FJ6Y27M7-1,,https://m.media-amazon.com/images/I/61H0G6L+0hL._SL1200_.jpg,https://m.media-amazon.com/images/I/61+eLNUAz2L._SL1200_.jpg,https://m.media-amazon.com/images/I/712kFyVxjkL._SL1200_.jpg
Super Stay Flex Powder Foundation,,Maybelline New York Super Stay Powder Foundation Shade 310 9 g,Maybelline,Yichang Tianmei International Cosmetics,,1 pieces,32190,45990,10,12,"Maybelline New York Super Stay Powder Foundation Shade 310 9 g

Powder Foundation | Smooth Finish | Everyday Makeup

Maybelline New York Super Stay Powder Foundation is designed for everyday makeup routines. The powder formula applies easily on the skin and helps create an even-looking makeup base. Suitable for regular use.

The foundation has a soft and fine texture that spreads evenly during application. It can be applied using a sponge or brush for a smooth and comfortable finish. The compact size makes it easy to carry for touch-ups during the day.

The 9 g compact is convenient for personal use and travel.

? Key Features

Powder foundation for daily makeup
Smooth and easy application
Fine texture for even coverage
Suitable for routine use
Shade 310 9 g compact

?? Texture & Finish

Soft powder texture
Easy to apply and blend
Smooth and even finish
Comfortable feel on skin",https://m.media-amazon.com/images/I/71qhl6mdIWL._SL1500_.jpg,"maybelline powder foundation, super stay powder, compact foundation, face powder foundation, shade 310 foundation, foundation 9g, makeup compact, daily use foundation, face makeup powder, smooth finish foundation",310,,9g,N,Y,N,N,B0FJ6WCMC8,B0FJ6WCMC8-1,,https://m.media-amazon.com/images/I/715AbP7n98L._SL1500_.jpg,https://m.media-amazon.com/images/I/71MwNSRGioL._SL1500_.jpg,
Pressed Powder Foundation,,Maybelline New York Fit Me Pressed Powder Foundation Shade 235 Pure Beige 8.5 g,Maybelline,Yichang Tianmei International Cosmetics,,1 pieces,21990,31990,10,12,"Maybelline New York Fit Me Pressed Powder Foundation Shade 235 Pure Beige 8.5 g

Pressed Powder | Matte Finish | Everyday Makeup

Maybelline New York Fit Me Pressed Powder Foundation is designed for everyday makeup routines. The powder applies easily on the skin and helps create an even-looking makeup base. Suitable for regular use.

The compact includes a mirror and applicator, making it convenient for quick touch-ups. The soft powder texture spreads evenly and provides a smooth and comfortable finish during use.

The 8.5 g compact is easy to carry and suitable for personal use.

? Key Features

Pressed powder foundation for daily makeup
Smooth and easy application
Includes mirror and applicator
Suitable for routine use
Shade 235 Pure Beige 8.5 g compact

?? Texture & Finish

Soft pressed powder texture
Easy to apply and blend
Smooth and even finish
Comfortable feel on skin",https://m.media-amazon.com/images/I/51vQm3LgINL._SL1080_.jpg,"maybelline pressed powder, fit me powder, compact powder foundation, face powder compact, pure beige foundation, shade 235 foundation, powder 8.5g, daily use powder, makeup compact, face makeup powder",235 Pure Beige,,8.5g,N,Y,N,N,B01DPA79DM,B01DPA79DM-1,,https://m.media-amazon.com/images/I/61tfAMOQ3aL._SL1080_.jpg,https://m.media-amazon.com/images/I/619gG01-7iL._SL1080_.jpg,
Pressed Powder Foundation,,Maybelline New York Fit Me Pressed Powder Foundation Shade 110 Porcelain 8.5 g,Maybelline,Yichang Tianmei International Cosmetics,,1 pieces,21990,31990,10,12,"Maybelline New York Fit Me Pressed Powder Foundation Shade 110 Porcelain 8.5 g

Pressed Powder | Matte Finish | Everyday Makeup

Maybelline New York Fit Me Pressed Powder Foundation is designed for everyday makeup routines. The powder applies easily on the skin and helps create an even-looking makeup base. Suitable for regular use.

The compact includes a mirror and applicator, making it convenient for quick touch-ups. The soft powder texture spreads evenly and provides a smooth and comfortable finish during use.

The 8.5 g compact is easy to carry and suitable for personal use.

? Key Features

Pressed powder foundation for daily makeup
Smooth and easy application
Includes mirror and applicator
Suitable for routine use
Shade 110 Porcelain 8.5 g compact

?? Texture & Finish

Soft pressed powder texture
Easy to apply and blend
Smooth and even finish
Comfortable feel on skin",https://m.media-amazon.com/images/I/51r6JndWHPL._SL1080_.jpg,"maybelline pressed powder, fit me powder, compact powder foundation, face powder compact, porcelain foundation, shade 110 foundation, powder 8.5g, daily use powder, makeup compact, face makeup powder",110 Porcelain,,8.5g,N,Y,N,N,B00PFCSNWK,B00PFCSNWK-1,,https://m.media-amazon.com/images/I/61tfAMOQ3aL._SL1080_.jpg,https://m.media-amazon.com/images/I/619gG01-7iL._SL1080_.jpg,
Pressed Powder Foundation,,Maybelline New York Fit Me Pressed Powder Foundation Shade 222 True Beige 8.5 g,Maybelline,Yichang Tianmei International Cosmetics,,1 pieces,21990,31990,10,12,"Maybelline New York Fit Me Pressed Powder Foundation Shade 222 True Beige 8.5 g

Pressed Powder | Matte Finish | Everyday Makeup

Maybelline New York Fit Me Pressed Powder Foundation is designed for everyday makeup routines. The powder applies easily on the skin and helps create an even-looking makeup base. Suitable for regular use.

The compact includes a mirror and applicator, making it convenient for quick touch-ups. The soft pressed powder texture spreads evenly and provides a smooth and comfortable finish during use.

The 8.5 g compact is easy to carry and suitable for personal use.

? Key Features

Pressed powder foundation for daily makeup
Smooth and easy application
Includes mirror and applicator
Suitable for routine use
Shade 222 True Beige 8.5 g compact

?? Texture & Finish

Soft pressed powder texture
Easy to apply and blend
Smooth and even finish
Comfortable feel on skin",https://m.media-amazon.com/images/I/51r6JndWHPL._SL1080_.jpg,"maybelline pressed powder, fit me powder, compact powder foundation, face powder compact, true beige foundation, shade 222 foundation, powder 8.5g, daily use powder, makeup compact, face makeup powder",True Beige 222,,8.5g,N,Y,N,N,B01DPA79WI,B01DPA79WI-1,,https://m.media-amazon.com/images/I/61tfAMOQ3aL._SL1080_.jpg,https://m.media-amazon.com/images/I/619gG01-7iL._SL1080_.jpg,
Pressed Powder Foundation,,Maybelline New York Fit Me Compact Powder Shade 115 Ivory 6 g,Maybelline,Yichang Tianmei International Cosmetics,,1 pieces,15990,24990,10,12,"Maybelline New York Fit Me Compact Powder Shade 115 Ivory 6 g

Compact Powder | Matte Finish | Everyday Makeup

Maybelline New York Fit Me Compact Powder is designed for everyday makeup routines. The powder applies easily on the skin and helps create an even-looking makeup base. Suitable for regular use.

The compact has a soft powder texture that spreads evenly during application. It can be used with a sponge or brush for a smooth and comfortable finish. The compact size makes it convenient for quick touch-ups during the day.

The 6 g compact is easy to carry and suitable for personal use.

? Key Features

Compact powder for daily makeup
Smooth and easy application
Soft texture for even spread
Suitable for routine use
Shade 115 Ivory 6 g compact

?? Texture & Finish

Soft powder texture
Easy to apply and blend
Smooth and even finish
Comfortable feel on skin",https://m.media-amazon.com/images/I/618YG4-V3ZL._SL1200_.jpg,"maybelline compact powder, fit me compact, face powder compact, ivory powder, shade 115 powder, powder 6g, daily use powder, makeup compact, face makeup powder, smooth finish powder",115 Ivory,,6g,N,Y,N,N,B08QSQ8T7B,B08QSQ8T7B-1,,https://m.media-amazon.com/images/I/61h+3Q2FfzL._SL1200_.jpg,https://m.media-amazon.com/images/I/61DkGWTdH2L._SL1200_.jpg,
Pressed Powder Foundation,,Maybelline New York Fit Me Compact Powder Shade 128 Warm Nude 6 g,Maybelline,Yichang Tianmei International Cosmetics,,1 pieces,15990,24990,10,12,"Maybelline New York Fit Me Compact Powder Shade 128 Warm Nude 6 g

Compact Powder | Matte Finish | Everyday Makeup

Maybelline New York Fit Me Compact Powder is designed for everyday makeup routines. The powder applies easily on the skin and helps create an even-looking makeup base. Suitable for regular use.

The compact has a soft powder texture that spreads evenly during application. It can be used with a sponge or brush for a smooth and comfortable finish. The compact size makes it convenient for quick touch-ups during the day.

The 6 g compact is easy to carry and suitable for personal use.

? Key Features

Compact powder for daily makeup
Smooth and easy application
Soft texture for even spread
Suitable for routine use
Shade 128 Warm Nude 6 g compact

?? Texture & Finish

Soft powder texture
Easy to apply and blend
Smooth and even finish
Comfortable feel on skin",https://m.media-amazon.com/images/I/618YG4-V3ZL._SL1200_.jpg,"maybelline compact powder, fit me compact, face powder compact, warm nude powder, shade 128 powder, powder 6g, daily use powder, makeup compact, face makeup powder, smooth finish powder",128 Warm Nude,,6g,N,Y,N,N,B08QSWPZS5,B08QSWPZS5-1,,https://m.media-amazon.com/images/I/61h+3Q2FfzL._SL1200_.jpg,https://m.media-amazon.com/images/I/61DkGWTdH2L._SL1200_.jpg,
Pressed Powder Foundation,,Maybelline New York Fit Me Compact Powder Shade 230 6 g,Maybelline,Yichang Tianmei International Cosmetics,,1 pieces,15990,24990,10,12,"Maybelline New York Fit Me Compact Powder Shade 230 6 g

Compact Powder | Matte Finish | Everyday Makeup

Maybelline New York Fit Me Compact Powder is designed for everyday makeup routines. The powder applies easily on the skin and helps create an even-looking makeup base. Suitable for regular use.

The compact has a soft powder texture that spreads evenly during application. It can be used with a sponge or brush for a smooth and comfortable finish. The compact size makes it convenient for quick touch-ups during the day.

The 6 g compact is easy to carry and suitable for personal use.

? Key Features

Compact powder for daily makeup
Smooth and easy application
Soft texture for even spread
Suitable for routine use
Shade 230 6 g compact

?? Texture & Finish

Soft powder texture
Easy to apply and blend
Smooth and even finish
Comfortable feel on skin",https://m.media-amazon.com/images/I/618YG4-V3ZL._SL1200_.jpg,"maybelline compact powder, fit me compact, face powder compact, shade 230 powder, powder 6g, daily use powder, makeup compact, face makeup powder, smooth finish powder, matte compact powder",230 Natural Buff,,6g,N,Y,N,N,B08QSQ8T79,B08QSQ8T79-1,,https://m.media-amazon.com/images/I/61h+3Q2FfzL._SL1200_.jpg,https://m.media-amazon.com/images/I/61DkGWTdH2L._SL1200_.jpg,
Instant Treatment Concealer,,Maybelline New York Instant Age Rewind Concealer Shade 144 Caramel 6 g,Maybelline,Yichang Tianmei International Cosmetics,,1 pieces,25440,35990,10,12,"Maybelline New York Instant Age Rewind Concealer Shade 144 Caramel 6 g

Concealer | Smooth Coverage | Everyday Makeup

Maybelline New York Instant Age Rewind Concealer is designed for everyday makeup routines. The formula applies smoothly under the eyes and helps create an even-looking base. Suitable for regular use.

The concealer has a lightweight texture that blends easily into the skin. It can be applied using the built-in applicator and blended with fingers or a sponge for a smooth and natural-looking finish.

The 6 g pack is compact and easy to carry, making it suitable for quick touch-ups during the day.

? Key Features

Concealer for daily makeup
Lightweight and easy to blend
Smooth and even application
Convenient built-in applicator
Shade 144 Caramel 6 g

?? Texture & Finish

Lightweight creamy texture
Easy to blend formula
Smooth and even finish
Comfortable feel on skin",https://m.media-amazon.com/images/I/41AjM4r973L._SL1080_.jpg,"maybelline concealer, instant age rewind concealer, caramel concealer, shade 144 concealer, under eye concealer, face makeup concealer, concealer 6g, lightweight concealer, daily use concealer, smooth coverage concealer",144 Caramel,,6g,N,Y,N,N,B07DRLK38R,B07DRLK38R-1,,https://m.media-amazon.com/images/I/71BJLtG9MDL._SL1080_.jpg,https://m.media-amazon.com/images/I/614rpyRNG9L._SL1080_.jpg,
Instant Treatment Concealer,,Maybelline New York Instant Age Rewind Concealer Shade 100 Ivory 6 g,Maybelline,Yichang Tianmei International Cosmetics,,1 pieces,25440,35990,10,12,"Maybelline New York Instant Age Rewind Concealer Shade 115Ivory 6 g

Concealer | Smooth Coverage | Everyday Makeup

Maybelline New York Instant Age Rewind Concealer is designed for everyday makeup routines. The formula applies smoothly under the eyes and helps create an even-looking base. Suitable for regular use.

The concealer has a lightweight texture that blends easily into the skin. It can be applied using the built-in applicator and blended with fingers or a sponge for a smooth and natural-looking finish.

The 6 g pack is compact and easy to carry, making it suitable for quick touch-ups during the day.

? Key Features

Concealer for daily makeup
Lightweight and easy to blend
Smooth and even application
Convenient built-in applicator
Shade Ivory 6 g

?? Texture & Finish

Lightweight creamy texture
Easy to blend formula
Smooth and even finish
Comfortable feel on skin",https://m.media-amazon.com/images/I/41AjM4r973L._SL1080_.jpg,"maybelline concealer, instant age rewind concealer, ivory concealer, under eye concealer, face makeup concealer, concealer 6g, lightweight concealer, daily use concealer, smooth coverage concealer, makeup base concealer",100 Ivory,,6g,N,Y,N,N,B07DRSRCYY,B07DRSRCYY-1,,https://m.media-amazon.com/images/I/71BJLtG9MDL._SL1080_.jpg,https://m.media-amazon.com/images/I/614rpyRNG9L._SL1080_.jpg,
Instant Treatment Concealer,,Maybelline New York Instant Age Rewind Concealer Shade 122 Sand 6 g,Maybelline,Yichang Tianmei International Cosmetics,,1 pieces,25440,35990,10,12,"Maybelline New York Instant Age Rewind Concealer Shade 122 Sand 6 g

Concealer | Smooth Coverage | Everyday Makeup

Maybelline New York Instant Age Rewind Concealer is designed for everyday makeup routines. The formula applies smoothly under the eyes and helps create an even-looking base. Suitable for regular use.

The concealer has a lightweight texture that blends easily into the skin. It can be applied using the built-in applicator and blended with fingers or a sponge for a smooth and natural-looking finish.

The 6 g pack is compact and easy to carry, making it suitable for quick touch-ups during the day.

? Key Features

Concealer for daily makeup
Lightweight and easy to blend
Smooth and even application
Convenient built-in applicator
Shade 122 Sand 6 g

?? Texture & Finish

Lightweight creamy texture
Easy to blend formula
Smooth and even finish
Comfortable feel on skin",https://m.media-amazon.com/images/I/41AjM4r973L._SL1080_.jpg,"maybelline concealer, instant age rewind concealer, sand concealer, shade 122 concealer, under eye concealer, face makeup concealer, concealer 6g, lightweight concealer, daily use concealer, smooth coverage concealer",122 Sand,,6g,N,Y,N,N,B07DRP1YCC,B07DRP1YCC-1,,https://m.media-amazon.com/images/I/71BJLtG9MDL._SL1080_.jpg,https://m.media-amazon.com/images/I/614rpyRNG9L._SL1080_.jpg,
Instant Treatment Concealer,,Maybelline New York Instant Age Rewind Concealer Shade 140 Honey 6 g,Maybelline,Yichang Tianmei International Cosmetics,,1 pieces,25440,35990,10,12,"Maybelline New York Instant Age Rewind Concealer Shade 140 Honey 6 g

Concealer | Smooth Coverage | Everyday Makeup

Maybelline New York Instant Age Rewind Concealer is designed for everyday makeup routines. The formula applies smoothly under the eyes and helps create an even-looking base. Suitable for regular use.

The concealer has a lightweight texture that blends easily into the skin. It can be applied using the built-in applicator and blended with fingers or a sponge for a smooth and natural-looking finish.

The 6 g pack is compact and easy to carry, making it suitable for quick touch-ups during the day.

? Key Features

Concealer for daily makeup
Lightweight and easy to blend
Smooth and even application
Convenient built-in applicator
Shade 140 Honey 6 g

?? Texture & Finish

Lightweight creamy texture
Easy to blend formula
Smooth and even finish
Comfortable feel on skin",https://m.media-amazon.com/images/I/41AjM4r973L._SL1080_.jpg,"maybelline concealer, instant age rewind concealer, honey concealer, shade 140 concealer, under eye concealer, face makeup concealer, concealer 6g, lightweight concealer, daily use concealer, smooth coverage concealer",140 Honey,,6g,N,Y,N,N,B0791ZCBX3,B0791ZCBX3-1,,https://m.media-amazon.com/images/I/71BJLtG9MDL._SL1080_.jpg,https://m.media-amazon.com/images/I/614rpyRNG9L._SL1080_.jpg,
Instant Treatment Concealer,,Maybelline New York Instant Age Rewind Concealer Shade 110 Fair 6 ml,Maybelline,Yichang Tianmei International Cosmetics,,1 pieces,25440,35990,10,12,"Maybelline New York Instant Age Rewind Concealer Shade 110 Fair 6 ml

Concealer | Smooth Coverage | Everyday Makeup

Maybelline New York Instant Age Rewind Concealer is designed for everyday makeup routines. The formula applies smoothly under the eyes and helps create an even-looking base. Suitable for regular use.

The concealer has a lightweight texture that blends easily into the skin. It can be applied using the built-in applicator and blended with fingers or a sponge for a smooth and natural-looking finish.

The 6 ml pack is compact and easy to carry, making it suitable for quick touch-ups during the day.

? Key Features

Concealer for daily makeup
Lightweight and easy to blend
Smooth and even application
Convenient built-in applicator
Shade 110 Fair 6 ml

?? Texture & Finish

Lightweight creamy texture
Easy to blend formula
Smooth and even finish
Comfortable feel on skin",https://m.media-amazon.com/images/I/41YFk6+r6JL._SL1080_.jpg,"maybelline concealer, instant age rewind concealer, fair concealer, shade 110 concealer, under eye concealer, face makeup concealer, concealer 6ml, lightweight concealer, daily use concealer, smooth coverage concealer",110 Fair ,,6g,N,Y,N,N,B0791YY1P1,B0791YY1P1-1,,https://m.media-amazon.com/images/I/71BJLtG9MDL._SL1080_.jpg,https://m.media-amazon.com/images/I/614rpyRNG9L._SL1080_.jpg,
Instant Treatment Concealer,,Maybelline New York Instant Age Rewind Concealer Shade 120 Light 6 ml,Maybelline,Yichang Tianmei International Cosmetics,,1 pieces,25440,35990,10,12,"Maybelline New York Instant Age Rewind Concealer Shade 120 Light 6 ml

Concealer | Smooth Coverage | Everyday Makeup

Maybelline New York Instant Age Rewind Concealer is designed for everyday makeup routines. The formula applies smoothly under the eyes and helps create an even-looking base. Suitable for regular use.

The concealer has a lightweight texture that blends easily into the skin. It can be applied using the built-in applicator and blended with fingers or a sponge for a smooth and natural-looking finish.

The 6 ml pack is compact and easy to carry, making it suitable for quick touch-ups during the day.

? Key Features

Concealer for daily makeup
Lightweight and easy to blend
Smooth and even application
Convenient built-in applicator
Shade 120 Light 6 ml

?? Texture & Finish

Lightweight creamy texture
Easy to blend formula
Smooth and even finish
Comfortable feel on skin",https://m.media-amazon.com/images/I/41YFk6+r6JL._SL1080_.jpg,"maybelline concealer, instant age rewind concealer, light concealer, shade 120 concealer, under eye concealer, face makeup concealer, concealer 6ml, lightweight concealer, daily use concealer, smooth coverage concealer",120 Light,,6g,N,Y,N,N,B0791W6RBD,B0791W6RBD-1,,https://m.media-amazon.com/images/I/71BJLtG9MDL._SL1080_.jpg,https://m.media-amazon.com/images/I/614rpyRNG9L._SL1080_.jpg,
Instant Treatment Concealer,,Maybelline New York Instant Age Rewind Concealer Shade 130 Medium 6 g,Maybelline,Yichang Tianmei International Cosmetics,,1 pieces,25440,35990,10,12,"Maybelline New York Instant Age Rewind Concealer Shade 130 Medium 6 g

Concealer | Smooth Coverage | Everyday Makeup

Maybelline New York Instant Age Rewind Concealer is designed for everyday makeup routines. The formula applies smoothly under the eyes and helps create an even-looking base. Suitable for regular use.

The concealer has a lightweight texture that blends easily into the skin. It can be applied using the built-in applicator and blended with fingers or a sponge for a smooth and natural-looking finish.

The 6 g pack is compact and easy to carry, making it suitable for quick touch-ups during the day.

? Key Features

Concealer for daily makeup
Lightweight and easy to blend
Smooth and even application
Convenient built-in applicator
Shade 130 Medium 6 g

?? Texture & Finish

Lightweight creamy texture
Easy to blend formula
Smooth and even finish
Comfortable feel on skin",https://m.media-amazon.com/images/I/412mmNe7bhL._SL1080_.jpg,"maybelline concealer, instant age rewind concealer, medium concealer, shade 130 concealer, under eye concealer, face makeup concealer, concealer 6g, lightweight concealer, daily use concealer, smooth coverage concealer",130 Medium,,6g,N,Y,N,N,B079217ZNP,B079217ZNP-1,,https://m.media-amazon.com/images/I/71BJLtG9MDL._SL1080_.jpg,https://m.media-amazon.com/images/I/614rpyRNG9L._SL1080_.jpg,
Instant Treatment Concealer,,Maybelline New York Instant Age Rewind Concealer Shade 142 Butterscotch 6 g,Maybelline,Yichang Tianmei International Cosmetics,,1 pieces,25440,35990,10,12,"Maybelline New York Instant Age Rewind Concealer Shade 142 Butterscotch 6 g

Concealer | Smooth Coverage | Everyday Makeup

Maybelline New York Instant Age Rewind Concealer is designed for everyday makeup routines. The formula applies smoothly under the eyes and helps create an even-looking base. Suitable for regular use.

The concealer has a lightweight texture that blends easily into the skin. It can be applied using the built-in applicator and blended with fingers or a sponge for a smooth and natural-looking finish.

The 6 g pack is compact and easy to carry, making it suitable for quick touch-ups during the day.

? Key Features

Concealer for daily makeup
Lightweight and easy to blend
Smooth and even application
Convenient built-in applicator
Shade 142 Butterscotch 6 g

?? Texture & Finish

Lightweight creamy texture
Easy to blend formula
Smooth and even finish
Comfortable feel on skin",https://m.media-amazon.com/images/I/41rTlTjc5eL._SL1080_.jpg,"maybelline concealer, instant age rewind concealer, butterscotch concealer, shade 142 concealer, under eye concealer, face makeup concealer, concealer 6g, lightweight concealer, daily use concealer, smooth coverage concealer",142 Butterscotch,,6g,N,Y,N,N,B07RLCXRDT,B07RLCXRDT-1,,https://m.media-amazon.com/images/I/71BJLtG9MDL._SL1080_.jpg,https://m.media-amazon.com/images/I/614rpyRNG9L._SL1080_.jpg,
Instant Treatment Concealer,,Maybelline New York Instant Age Rewind Concealer Shade Fair 6 g,Maybelline,Yichang Tianmei International Cosmetics,,1 pieces,25440,35990,10,12,"Maybelline New York Instant Age Rewind Concealer Shade Fair 6 g

Concealer | Smooth Coverage | Everyday Makeup

Maybelline New York Instant Age Rewind Concealer is designed for everyday makeup routines. The formula applies smoothly under the eyes and helps create an even-looking base. Suitable for regular use.

The concealer has a lightweight texture that blends easily into the skin. It can be applied using the built-in applicator and blended with fingers or a sponge for a smooth and natural-looking finish.

The 6 g pack is compact and easy to carry, making it suitable for quick touch-ups during the day.

? Key Features

Concealer for daily makeup
Lightweight and easy to blend
Smooth and even application
Convenient built-in applicator
Shade Fair 6 g

?? Texture & Finish

Lightweight creamy texture
Easy to blend formula
Smooth and even finish
Comfortable feel on skin",https://m.media-amazon.com/images/I/61Rvwym7itL._SL1500_.jpg,"maybelline concealer, instant age rewind concealer, fair concealer, under eye concealer, face makeup concealer, concealer 6g, lightweight concealer, daily use concealer, smooth coverage concealer, makeup base concealer", Fair,,6g,N,Y,N,N,B004Y9GTOO,B004Y9GTOO-1,,https://m.media-amazon.com/images/I/81I9mwztK0L._SL1500_.jpg,https://m.media-amazon.com/images/I/81n-90ZcpeL._SL1500_.jpg,
Instant Treatment Concealer,,Maybelline New York Instant Age Rewind Concealer Shade Honey 6 g,Maybelline,Yichang Tianmei International Cosmetics,,1 pieces,25440,35990,10,12,"Maybelline New York Instant Age Rewind Concealer Shade Honey 6 g

Concealer | Smooth Coverage | Everyday Makeup

Maybelline New York Instant Age Rewind Concealer is designed for everyday makeup routines. The formula applies smoothly under the eyes and helps create an even-looking base. Suitable for regular use.

The concealer has a lightweight texture that blends easily into the skin. It can be applied using the built-in applicator and blended with fingers or a sponge for a smooth and natural-looking finish.

The 6 g pack is compact and easy to carry, making it suitable for quick touch-ups during the day.

? Key Features

Concealer for daily makeup
Lightweight and easy to blend
Smooth and even application
Convenient built-in applicator
Shade Honey 6 g

?? Texture & Finish

Lightweight creamy texture
Easy to blend formula
Smooth and even finish
Comfortable feel on skin",https://m.media-amazon.com/images/I/618U5fqQ27L._SL1500_.jpg,"maybelline concealer, instant age rewind concealer, honey concealer, under eye concealer, face makeup concealer, concealer 6g, lightweight concealer, daily use concealer, smooth coverage concealer, makeup base concealer",Honey,,6g,N,Y,N,N,B004Y9LZU2,B004Y9LZU2-1,,https://m.media-amazon.com/images/I/81I9mwztK0L._SL1500_.jpg,https://m.media-amazon.com/images/I/81n-90ZcpeL._SL1500_.jpg,
Instant Treatment Concealer,,Maybelline New York Instant Age Rewind Concealer Shade Light 6 g,Maybelline,Yichang Tianmei International Cosmetics,,1 pieces,25440,35990,10,12,"Maybelline New York Instant Age Rewind Concealer Shade Medium 6 g

Concealer | Smooth Coverage | Everyday Makeup

Maybelline New York Instant Age Rewind Concealer is designed for everyday makeup routines. The formula applies smoothly under the eyes and helps create an even-looking base. Suitable for regular use.

The concealer has a lightweight texture that blends easily into the skin. It can be applied using the built-in applicator and blended with fingers or a sponge for a smooth and natural-looking finish.

The 6 g pack is compact and easy to carry, making it suitable for quick touch-ups during the day.

? Key Features

Concealer for daily makeup
Lightweight and easy to blend
Smooth and even application
Convenient built-in applicator
Shade Medium 6 g

?? Texture & Finish

Lightweight creamy texture
Easy to blend formula
Smooth and even finish
Comfortable feel on skin",https://m.media-amazon.com/images/I/61aB2gC868L._SL1500_.jpg,"maybelline concealer, instant age rewind concealer, medium concealer, under eye concealer, face makeup concealer, concealer 6g, lightweight concealer, daily use concealer, smooth coverage concealer, makeup base concealer",Light,,6g,N,Y,N,N,B004Y9GV60,B004Y9GV60-1,,https://m.media-amazon.com/images/I/81I9mwztK0L._SL1500_.jpg,https://m.media-amazon.com/images/I/81n-90ZcpeL._SL1500_.jpg,
Instant Treatment Concealer,,Maybelline New York Instant Age Rewind Concealer Shade Medium 6 g,Maybelline,Yichang Tianmei International Cosmetics,,1 pieces,25440,35990,10,12,"Maybelline New York Instant Age Rewind Concealer Shade Medium 6 g

Concealer | Smooth Coverage | Everyday Makeup

Maybelline New York Instant Age Rewind Concealer is designed for everyday makeup routines. The formula applies smoothly under the eyes and helps create an even-looking base. Suitable for regular use.

The concealer has a lightweight texture that blends easily into the skin. It can be applied using the built-in applicator and blended with fingers or a sponge for a smooth and natural-looking finish.

The 6 g pack is compact and easy to carry, making it suitable for quick touch-ups during the day.

? Key Features

Concealer for daily makeup
Lightweight and easy to blend
Smooth and even application
Convenient built-in applicator
Shade Medium 6 g

?? Texture & Finish

Lightweight creamy texture
Easy to blend formula
Smooth and even finish
Comfortable feel on skin",https://m.media-amazon.com/images/I/61WofRdCEsL._SL1500_.jpg,"maybelline concealer, instant age rewind concealer, medium concealer, under eye concealer, face makeup concealer, concealer 6g, lightweight concealer, daily use concealer, smooth coverage concealer, makeup base concealer",Medium,,6g,N,Y,N,N,B004Y9GTYE,B004Y9GTYE-1,,https://m.media-amazon.com/images/I/81I9mwztK0L._SL1500_.jpg,https://m.media-amazon.com/images/I/81n-90ZcpeL._SL1500_.jpg,
